pmid,status,year,journal,title,arm,flags
42686044,added,2025,Cornea,Outcomes of the Sub400 Protocol and Contact Lens-Assisted Corneal Cross-Linking in Advanced Thin-Cornea Keratoconus: Clinical Efficacy and Long-Term Visual Stab,corneal_cxl_phrase|CXL_abbrev|mesh_CXL,ophthalmology_journal
41982825,added,2025,Journal of current ophthalmology,Mesenchymal Stem Cell-Derived Exosomes for Keratoconus: A Novel Therapeutic Approach.,corneal_cxl_phrase,ophthalmology_journal
41488431,added,2025,Materials today. Bio,"Antibiotic nanozyme hydrogel depot for single-injection MDR bacterial keratitis therapy via localized antibacterial, pro-healing and corneal reinforcement.",corneal_cxl_phrase,cxl_signal_in_keywords_only
41470103,added,2025,"Medicina (Kaunas, Lithuania)",Can Insulin Drops Accelerate Corneal Healing After Corneal Cross-Linking? A Preliminary Case Series.,corneal_cxl_phrase|CXL_abbrev|mesh_CXL,
41460917,added,2025,Eye & contact lens,Evaluation of Optical Coherence Tomography-Angiography Findings in Keratoconus Patients Treated With Accelerated Cross-linking Protocol.,CXL_abbrev|bare_crosslink+disease,ophthalmology_journal
41411984,added,2025,Journal francais d'ophtalmologie,Risk factors for keratoconus progression and changes in corneal swept source OCT parameters.,CXL_abbrev|bare_crosslink+disease,ophthalmology_journal
41212961,added,2025,"Journal of refractive surgery (Thorofare, N.J. : 1995)",Extracorporeal Optimization of Corneal Allogenic Intrastromal Ring Segments (ECO-CAIRS) Using Ultra-high-Fluence Corneal Cross-linking.,corneal_cxl_phrase|CXL_abbrev|mesh_CXL,ophthalmology_journal
41022958,added,2025,Scientific reports,Ultraviolet A absorption coefficients of contact lenses for use in contact lens assisted corneal crosslinking for thin Corneas.,corneal_cxl_phrase|collagen_cxl_phrase|riboflavin_uv,
40986049,added,2025,Graefe's archive for clinical and experimental ophthalmology = Albrecht von Graefes Archiv fur klinische und experimentelle Ophthalmologie,Crosslinking for post refractive surgery ectasia: application and clinical outcomes.,CXL_abbrev|epi_on_off|bare_crosslink+disease,ophthalmology_journal
40806799,added,2025,Journal of clinical medicine,"Pellucid Marginal Degeneration: A Comprehensive Review of Pathophysiology, Diagnosis, and Management Strategies.",corneal_cxl_phrase|CXL_abbrev,
40761516,added,2025,Materials today. Bio,Construction and characteristics of an adjustable biomechanical in vitro corneal stromal model simulating keratoconus pathological features.,corneal_cxl_phrase|collagen_cxl_phrase|CXL_abbrev,
40755901,added,2025,Materials today. Bio,A bioequivalent cornea cross-linking method using photo-initiators LAP and visible light.,corneal_cxl_phrase|CXL_abbrev|riboflavin_uv,
40659372,added,2025,BMJ open ophthalmology,Polihexanide (PHMB) 0.08% versus currently used treatments for Acanthamoeba keratitis: indirect treatment comparisons.,CXL_abbrev,ophthalmology_journal
40547853,added,2021,Veterinarni medicina,Efficacy of riboflavin/UV-A corneal phototherapy as stand-alone treatment for ulcerative keratitis in horses.,corneal_cxl_phrase|collagen_cxl_phrase|riboflavin_uv,
40536502,added,2025,Lupus,Sirtuin-1 in systemic lupus erythematosus: Frequency of keratoconjunctivitis sicca and relation to disease activity.,none_in_text,no_cxl_signal_in_text
40534811,added,2025,International journal of ophthalmology,Corneal surface changes after stromal lenticule addition keratoplasty combined with cross-linking for severe keratoconus.,CXL_abbrev|bare_crosslink+disease,ophthalmology_journal
40456396,added,2025,American journal of ophthalmology,Combined Accelerated Crosslinking With Laser In Situ Keratomileusis (LASIK) for Myopic Patients: A Systematic Review and Meta-Analysis.,bare_crosslink+disease,ophthalmology_journal
40257878,added,2025,IEEE transactions on bio-medical engineering,Method for Assessing Local Mechanical Properties of the Cornea Based on Spectroscopic Magnetomotive Optical Coherence Elastography.,CXL_abbrev|bare_crosslink+disease,
40157723,added,2025,BMJ open ophthalmology,Effect of high and low molecular weight sodium hyaluronic acid eye drops on corneal recovery after crosslinking in keratoconus patients.,corneal_cxl_phrase|CXL_abbrev,ophthalmology_journal
40091159,added,2025,Veterinary ophthalmology,Enhanced Tear Film Concentrations of Cefazolin and Chloramphenicol Using Cross-Linked Hyaluronic Acid in Canine Eyes.,bare_crosslink+disease,ophthalmology_journal
40088395,added,2025,Ophthalmology and therapy,Varenicline Nasal Spray for the Treatment of Dry Eye Disease Following Corneal Collagen Crosslinking.,corneal_cxl_phrase|collagen_cxl_phrase|CXL_abbrev,ophthalmology_journal
40083774,added,2025,Bioactive materials,In situ UNIversal Orthogonal Network (UNION) bioink deposition for direct delivery of corneal stromal stem cells to corneal wounds.,collagen_cxl_phrase,
40058739,added,2025,International journal of pharmaceutics,"Optimizing riboflavin delivery with co-crystal and in situ hydrogel formulations for management of keratoconus: A comprehensive investigation with in vitro, ex ",corneal_cxl_phrase|epi_on_off|riboflavin_uv,
40054831,added,2025,Experimental eye research,Riboflavin-UV crosslinking of the cornea: Wound healing and biomechanics.,CXL_abbrev|epi_on_off|riboflavin_uv|bare_crosslink+disease,ophthalmology_journal
40023354,added,2025,American journal of ophthalmology,Efficacy of Customized Photorefractive Keratectomy With Cross-Linking Versus Cross-Linking Alone in Progressive Keratoconus: A Systematic Review and Meta-Analys,CXL_abbrev|bare_crosslink+disease,ophthalmology_journal
40015314,added,2025,Klinische Monatsblatter fur Augenheilkunde,"Outcomes after Implantation of KeraNatural, a Sterile Corneal Allograft Intrastromal Ring Segment (CAIRS), in Eyes with Keratoconus.",CXL_abbrev|bare_crosslink+disease,ophthalmology_journal
39988435,added,2025,Current eye research,Comparison of Keratoconus Progression Rate between Adolescents Aged 19-24 Years and Young Adults: Impact on Indication for Crosslinking.,bare_crosslink+disease,ophthalmology_journal
39956631,added,2025,Journal of biophotonics,Assessing UVA and Laser-Induced Crosslinking via Brillouin Microscopy.,bare_crosslink+disease,
39935895,added,2025,Materials today. Bio,Photochemical corneal cross-linking: Evaluating the potential of a hand-held biopen.,corneal_cxl_phrase|CXL_abbrev,
39913949,added,2025,Journal of optometry,Evaluation of the repeatability of corneal epithelial thickness mapping in healthy and keratoconic eyes with two spectral domain optical coherence tomography.,CXL_abbrev|bare_crosslink+disease,ophthalmology_journal
39883547,added,2025,Investigative ophthalmology & visual science,Proteomics Reveals Mechanisms of Delayed Keratoconus Progression: A Study of Corneas Following Two Light-Activated Crosslinking Treatments.,riboflavin_uv|bare_crosslink+disease,ophthalmology_journal
39828103,added,2025,"Methods (San Diego, Calif.)",Xenographic lenticule implantation followed by riboflavin and UV treatment: A promising alternative for corneal ectasias management.,riboflavin_uv|bare_crosslink+disease,
39812204,added,2025,La Tunisie medicale,"Keratoconus in children in Tunisia: Epidemiological, clinical and therapeutic features.",CXL_abbrev|bare_crosslink+disease,
39803133,added,2024,Cureus,Experimental Evaluation of Ocular Rigidity and Pressure-Volume Relationship After Ex-Vivo Scleral Cross-Linking With Riboflavin and Ultraviolet A in Porcine Eye,riboflavin_uv|bare_crosslink+disease,
39694162,added,2024,International journal of pharmaceutics,Intracorneal iontophoretic delivery of triamcinolone acetonide prodrugs: Physicochemical parameters guiding electrotransport.,CXL_abbrev,
39681236,added,2024,Experimental eye research,Inhibition of matrix metalloproteases by a chemical cross-linker to halt the corneal degradation in keratoconus.,CXL_abbrev|riboflavin_uv|bare_crosslink+disease,ophthalmology_journal
39667724,added,2024,Journal of biophotonics,Theranostic-Guided UV-A Light Corneal Wavefront Photo-Reshaping for Presbyopia Correction: A Preclinical Study.,riboflavin_uv,
39665995,added,2024,Graefe's archive for clinical and experimental ophthalmology = Albrecht von Graefes Archiv fur klinische und experimentelle Ophthalmologie,Topical losartan ophthalmic drops - a review of corneal wound healing and topical losartan for managing corneal haze and potential future indications.,corneal_cxl_phrase|CXL_abbrev,ophthalmology_journal
39656257,added,2024,"Journal of refractive surgery (Thorofare, N.J. : 1995)",Transepithelial Versus Epithelium-off Photorefractive Keratectomy in High Compound Myopic Astigmatism: A Contralateral Eye Study.,epi_on_off,ophthalmology_journal
39600613,added,2024,"Clinical ophthalmology (Auckland, N.Z.)","""Outcomes of Iontophoresis Cross-Linking in Asymmetric Keratoconus: A Retrospective Analysis of High Visual Acuity Eyes Under 25 Years Old"".",CXL_abbrev|bare_crosslink+disease,ophthalmology_journal
39444422,added,2024,Journal of ophthalmology,The Impact of Standard Cross-Linking on the Corneal Optical Density-Age Relationship in Keratoconus After Mechanical Stripping of the Epithelium.,CXL_abbrev|bare_crosslink+disease,ophthalmology_journal
39435192,added,2024,Cureus,Harnessing Corneal Stromal Regeneration for Vision Restoration: A Comprehensive Review of the Emerging Treatment Techniques for Keratoconus.,corneal_cxl_phrase|CXL_abbrev,
39365247,added,2024,Translational vision science & technology,In Vivo Femtosecond Laser Machined Transepithelial Nonlinear Optical Corneal Crosslinking Compared to Ultraviolet Corneal Crosslinking.,corneal_cxl_phrase|CXL_abbrev|riboflavin_uv,ophthalmology_journal
39342257,added,2024,Journal of nanobiotechnology,Responsive porous microneedles with riboflavin ocular microinjection capability for facilitating corneal crosslinking.,corneal_cxl_phrase|CXL_abbrev,
39297889,added,2024,Graefe's archive for clinical and experimental ophthalmology = Albrecht von Graefes Archiv fur klinische und experimentelle Ophthalmologie,Changing indications for keratoplasty: monocentric analysis of the past two decades.,CXL_abbrev|riboflavin_uv|bare_crosslink+disease,ophthalmology_journal
39170804,added,2022,Veterinarni medicina,Riboflavin/UV-A corneal phototherapy as stand-alone management of ulcerative keratitis in dogs.,CXL_abbrev|riboflavin_uv|bare_crosslink+disease,
39140888,added,2024,European journal of ophthalmology,A bibliometric and citation network analysis of crosslinking.,collagen_cxl_phrase|riboflavin_uv,ophthalmology_journal
38983516,added,2022,Frontiers in ophthalmology,Opinion: Is Pain an Overlooked Patient Outcome? Elevating Post-Operative Pain Above a Footnote.,CXL_abbrev,ophthalmology_journal;no_abstract;cxl_signal_in_keywords_only;ophthalmic_term_absent_journal_vouches
38929636,added,2024,"Life (Basel, Switzerland)",Compatibility of a New Ocular Surface Dye with Disposable and Bi-Weekly Soft Contact Lenses: An Experimental Study.,none_in_text,
38772872,added,2024,BMJ case reports,Diagnostic utility of in vivo confocal microscopy in Acanthamoeba keratitis following corneal crosslinking.,corneal_cxl_phrase|collagen_cxl_phrase|CXL_abbrev,
38654992,added,2024,Taiwan journal of ophthalmology,Lamellar surgeries with SMILE-derived lenticules.,riboflavin_uv,ophthalmology_journal
38623696,added,2024,European journal of ophthalmology,Immediate postoperative keratitis caused by Rhizopus species following standard CXL for keratoconus: A case report and literature review.,CXL_abbrev|epi_on_off,ophthalmology_journal
38593263,added,2024,"Journal of refractive surgery (Thorofare, N.J. : 1995)",Comparative Evaluation of Topographic Parameters Using Three Different Topographers in Keratoconic and Cross-linked Keratoconic Corneas.,bare_crosslink+disease,ophthalmology_journal
38557918,added,2024,Japanese journal of ophthalmology,Evaluation of the results of contact lens assisted corneal cross-linking treatment in keratoconus patients with thin corneas.,corneal_cxl_phrase|CXL_abbrev|epi_on_off|mesh_CXL,ophthalmology_journal
38451681,added,2024,Arquivos brasileiros de oftalmologia,Ultraviolet-A absorbance analysis in thin porcine corneas pre-and post-crosslinking.,riboflavin_uv|bare_crosslink+disease,ophthalmology_journal
38446253,added,2024,Molecular biology reports,Use of discarded corneo-scleral rims to create cornea-like tissue.,collagen_cxl_phrase,
38401513,added,2024,Biomedicine & pharmacotherapy = Biomedecine & pharmacotherapie,UV-stimulated riboflavin exerts immunosuppressive effects in BALB/c mice and human PBMCs.,riboflavin_uv,
38376862,added,2024,Translational vision science & technology,In Vivo Evaluation of Corneal Biomechanics Following Cross-Linking Surgeries Using Optical Coherence Elastography in a Rabbit Model of Keratoconus.,CXL_abbrev|bare_crosslink+disease,ophthalmology_journal
38357612,added,2023,"Medical hypothesis, discovery & innovation ophthalmology journal",Outcomes of the Q value-based nomogram in managing pediatric versus adult keratoconus: a prospective interventional study.,CXL_abbrev,ophthalmology_journal
38292881,added,2023,American journal of ophthalmology case reports,Unilateral progressive keratoconus associated with ipsilateral craniofacial fibrous dysplasia treated with corneal cross-linking.,corneal_cxl_phrase|collagen_cxl_phrase,ophthalmology_journal
38274339,added,2024,Experimental and therapeutic medicine,Efficacy of enzyme‑induced collagen crosslinking on porcine cornea.,collagen_cxl_phrase|CXL_abbrev,
38261806,added,2021,Conference on Lasers and Electro-optics : (CLEO). Conference on Lasers and Electro-optics,A Novel Fiber-Optic Confocal Laser Caliper Approach for Non-Contact Optical Characterization of Silk Fibroin Thin Films Created by Riboflavin Photo-Crosslinking,bare_crosslink+disease,
38203537,added,2023,International journal of molecular sciences,Level of Secretion and the Role of the Nerve Growth Factor in Patients with Keratoconus before and after Collagen Fibre Cross-Linking Surgery.,CXL_abbrev|bare_crosslink+disease,
38131919,added,2023,"Gels (Basel, Switzerland)",Sustained Release of Voriconazole Using 3D-Crosslinked Hydrogel Rings and Rods for Use in Corneal Drug Delivery.,bare_crosslink+disease,
37985976,added,2023,BMC ophthalmology,Observation and assessment of the immediate use of a silicon hydrogel contact lens after transepithelial corneal cross linking: a prospective study.,corneal_cxl_phrase|CXL_abbrev|mesh_CXL,ophthalmology_journal
37859806,added,2023,Molecular vision,Collagen crosslinking impacts stromal wound healing and haze formation in a rabbit phototherapeutic keratectomy model.,corneal_cxl_phrase|collagen_cxl_phrase|CXL_abbrev|epi_on_off|riboflavin_uv,ophthalmology_journal
37689255,added,2023,International journal of pharmaceutics,"A promising synthetic citric crosslinked β-cyclodextrin derivative for antifungal drugs: Solubilization, cytotoxicity, and antifungal activity.",bare_crosslink+disease,
37602609,added,2023,Indian journal of ophthalmology,"Outcomes of topography-guided PRK/CXL in keratoconus using the NIDEK CXIII system-""Bharat Protocol"" (Pilot study).",CXL_abbrev|bare_crosslink+disease,ophthalmology_journal
37506367,added,2023,Cornea,Factors Associated With Receipt of Crosslinking for Keratoconus.,CXL_abbrev|epi_on_off|bare_crosslink+disease,ophthalmology_journal
37483635,added,2023,Frontiers in immunology,Sequence variants contributing to dysregulated inflammatory responses across keratoconic cone surface in adolescent patients with keratoconus.,CXL_abbrev,
37335854,added,2023,Cornea,Characterization of the Immediate and Delayed Biomechanical Response to UV-A Crosslinking of Human Corneas.,CXL_abbrev|riboflavin_uv|bare_crosslink+disease,ophthalmology_journal
37298028,added,2023,Journal of clinical medicine,Impact of Cross-Linking Procedure on Perioperative Quality of Life in Keratoconus Patients.,CXL_abbrev|bare_crosslink+disease,
37277716,added,2023,BMC ophthalmology,Increased METTL3 expression and m6A RNA methylation may contribute to the development of dry eye in primary Sjögren's syndrome.,none_in_text,ophthalmology_journal;no_cxl_signal_in_text
37271309,added,2023,Experimental eye research,"The impact of UV cross-linking on corneal stromal cell migration, differentiation and patterning.",corneal_cxl_phrase|CXL_abbrev,ophthalmology_journal
37208674,added,2023,BMC ophthalmology,Efficacy of customized corneal crosslinking versus standard corneal crosslinking in patients with progressive keratoconus (C-CROSS study): study protocol for a ,corneal_cxl_phrase|CXL_abbrev|riboflavin_uv,ophthalmology_journal
37195564,added,2023,International ophthalmology,Determination of efficacy of repeated CXL and probable risk factors in patients with progressive keratoconus.,CXL_abbrev,ophthalmology_journal
37140143,added,2023,Acta ophthalmologica,Analysis of the outcomes of three different cross-linking protocols for treatment of paediatric keratoconus: A multicentre randomized controlled trial.,CXL_abbrev|bare_crosslink+disease,ophthalmology_journal
37126648,added,2023,ACS applied bio materials,Collagen Gels Crosslinked by Photoactivation of Riboflavin for the Repair and Regeneration of Corneal Defects.,riboflavin_uv|bare_crosslink+disease,
37101407,added,2023,European journal of ophthalmology,Comparison of outcomes between cross-linking plus topoguided excimer laser ablation and intrastromal corneal ring segments for keratoconus.,CXL_abbrev|bare_crosslink+disease,ophthalmology_journal
37098115,added,2023,Cornea,Assessment of Health Disparities and Barriers to Accessing Keratoconus and Crosslinking at a Tertiary Referral Center.,bare_crosslink+disease,ophthalmology_journal
37074409,added,2023,Graefe's archive for clinical and experimental ophthalmology = Albrecht von Graefes Archiv fur klinische und experimentelle Ophthalmologie,Corneal stromal regeneration-keratoconus cell therapy: a review.,corneal_cxl_phrase|collagen_cxl_phrase,ophthalmology_journal
36844364,added,2023,Bioactive materials,"A ""T.E.S.T."" hydrogel bioadhesive assisted by corneal cross-linking for in situ sutureless corneal repair.",corneal_cxl_phrase|CXL_abbrev,
36811882,added,2023,Investigative ophthalmology & visual science,The Impaired Wound Healing Process Is a Major Factor in Remodeling of the Corneal Epithelium in Adult and Adolescent Patients With Keratoconus.,CXL_abbrev,ophthalmology_journal
36728310,added,2023,Cornea,Introducing a Revised Tissue Saving Protocol for Combined Topography-Guided Photorefractive Keratectomy and Cross-Linking in Keratoconic Corneas.,bare_crosslink+disease,ophthalmology_journal
36728218,added,2023,Cornea,Ophthalmic Manifestations of Arterial Tortuosity Syndrome: Case Series of Patient and Carriers.,corneal_cxl_phrase,ophthalmology_journal
36574086,added,2023,International ophthalmology,Correction: Choroidal thickness assessment in keratoconus patients treated with cross-linking compared to healthy population.,bare_crosslink+disease,ophthalmology_journal;no_abstract
36542255,added,2022,Ophthalmology and therapy,Clinical Feasibility and Safety of Scleral Collagen Cross-Linking by Riboflavin and Ultraviolet A in Pathological Myopia Blindness: A Pilot Study.,collagen_cxl_phrase|CXL_abbrev|riboflavin_uv,ophthalmology_journal
36439563,added,2022,Cureus,Outcomes of Epi-On Collagen Cross-Linkage Procedure Assessed in Progressive Keratoconus Patients.,collagen_cxl_phrase|CXL_abbrev|epi_on_off|riboflavin_uv,
36346320,added,2022,Journal of ocular pharmacology and therapeutics : the official journal of the Association for Ocular Pharmacology and Therapeutics,Experimental Oxidative Stress Breaks Down the Barrier Function of the Corneal Endothelium.,riboflavin_uv,ophthalmology_journal
36261493,added,2022,"Eye (London, England)","Specialist nurse-led cross-linking service for Keratoconus, the Leeds experience.",bare_crosslink+disease,ophthalmology_journal;no_abstract
36237558,added,2022,Journal of ophthalmology,A Critical Assessment of Friedenwald's Technique for Estimating the Coefficient of Rigidity of the Cornea.,CXL_abbrev|epi_on_off|bare_crosslink+disease,ophthalmology_journal
36062606,added,2022,European journal of ophthalmology,Comparison of safety and efficacy of silicone hydrogel contact Lens-assisted CXL and accelerated CXL in keratoconus patients with thin corneas.,corneal_cxl_phrase|CXL_abbrev,ophthalmology_journal
36048013,added,2022,Translational vision science & technology,Carbon Nanostructures for Ocular Tissue Reinforcement.,riboflavin_uv|bare_crosslink+disease,ophthalmology_journal
35950026,added,2022,Case reports in ophthalmology,Cross-Linking Pack Plus Plasma in the Mycotic Corneal Ulcer Case Report.,bare_crosslink+disease,ophthalmology_journal
35946998,added,2022,"Journal of refractive surgery (Thorofare, N.J. : 1995)",Three-Year Outcomes of Under-flap Stromal Bed CXL for Early Post-LASIK Ectasia.,CXL_abbrev|riboflavin_uv,ophthalmology_journal
35790570,added,2022,Graefe's archive for clinical and experimental ophthalmology = Albrecht von Graefes Archiv fur klinische und experimentelle Ophthalmologie,Changes in retinal vessel and retinal layer thickness after cross-linking in keratoconus via swept-source OCT angiography.,CXL_abbrev|bare_crosslink+disease,ophthalmology_journal
35773078,added,2022,Ophthalmology,Epithelial Demarcation Line after Crosslinking.,bare_crosslink+disease,ophthalmology_journal;no_abstract
35757796,added,2022,Frontiers in bioengineering and biotechnology,In vivo Assessment of Localised Corneal Biomechanical Deterioration With Keratoconus Progression.,corneal_cxl_phrase|CXL_abbrev,
35692966,added,2022,Journal of ophthalmology,Crosslinking vs. Observation in Fellow Eyes of Keratoconus Patients.,CXL_abbrev|bare_crosslink+disease,ophthalmology_journal
35572401,added,2021,Journal of advanced research,Effect of corneal stromal lenticule customization on neurite distribution and excitatory property.,CXL_abbrev|riboflavin_uv|bare_crosslink+disease,
35542096,added,2018,RSC advances,An antibacterial collagen membrane crosslinked by the inclusion complex of β-cyclodextrin dialdehyde and ofloxacin for bacterial keratitis.,bare_crosslink+disease,
35497356,added,2022,Frontiers in bioengineering and biotechnology,Biomechanical Evaluation of Decellularized and Crosslinked Corneal Implants Manufactured From Porcine Corneas as a Treatment Option for Advanced Keratoconus.,bare_crosslink+disease,
35497118,added,2020,RSC advances,"Reaction-diffusion model as framework for understanding the role of riboflavin in ""eye defence"" formulations.",none_in_text,
35381894,added,2022,International ophthalmology,Validation of the multi-metric D-index change in the assessment of keratoconus progression.,CXL_abbrev|bare_crosslink+disease,ophthalmology_journal
35367416,added,2022,Experimental eye research,Indirectly assessing changes in corneal properties with OCT speckle after crosslinking in porcine eyes.,corneal_cxl_phrase|collagen_cxl_phrase|CXL_abbrev|riboflavin_uv,ophthalmology_journal
35333808,added,2022,Eye & contact lens,Temporal and Spatial Assessment of the Corneal Response to UV Cross-Linking Using 3-Dimensional In Vivo Confocal Microscopy.,corneal_cxl_phrase|CXL_abbrev,ophthalmology_journal
35320858,added,2022,Klinische Monatsblatter fur Augenheilkunde,Peripheral Sterile Corneal Ring Infiltrate after Accelerated Cross-linking.,bare_crosslink+disease,ophthalmology_journal;no_abstract
35313746,added,2022,European journal of ophthalmology,Safety of collagen cross linking in advanced keratoconus in a patient with scleroderma.,collagen_cxl_phrase,ophthalmology_journal
35265368,added,2022,Journal of ophthalmology,Comparison of Long-Term Outcomes and Refractive Stability following SMILE versus SMILE Combined with Accelerated Cross-Linking (SMILE XTRA).,CXL_abbrev|bare_crosslink+disease,ophthalmology_journal
35248392,added,2022,Archivos de la Sociedad Espanola de Oftalmologia,Are the epi-on and epi-off CXL protocols equivalent in the treatment of keratoconus?,CXL_abbrev|epi_on_off,ophthalmology_journal;no_abstract
35234069,added,2022,European journal of ophthalmology,Long-term follow-up of bilateral ectasia after laser-assisted Small-Incision Lenticule Extraction (SMILE) with known risk factors.,CXL_abbrev|bare_crosslink+disease,ophthalmology_journal
35198797,added,2022,American journal of ophthalmology case reports,"Corneal stromal deposits in connective tissue disease, a case series.",corneal_cxl_phrase|collagen_cxl_phrase,ophthalmology_journal
35187443,added,2019,Beyoglu eye journal,Alterations in Corneal Biomechanical and Topographic Features After Accelerated Crosslinking: 1-Year Results.,CXL_abbrev|bare_crosslink+disease,ophthalmology_journal
35160126,added,2022,Journal of clinical medicine,Transepithelial Iontophoresis-Assisted Cross Linking for Progressive Keratoconus: Up to 7 Years of Follow Up.,CXL_abbrev|bare_crosslink+disease,
35069933,added,2022,Disease markers,Crosslinking-Induced Corneal Endothelium Dysfunction and Its Protection by Topical Ripasudil Treatment.,corneal_cxl_phrase|riboflavin_uv,
35011421,added,2021,"Molecules (Basel, Switzerland)",Model Systems for Evidencing the Mediator Role of Riboflavin in the UVA Cross-Linking Treatment of Keratoconus.,corneal_cxl_phrase|CXL_abbrev|riboflavin_uv,
34901466,added,2021,BMJ open ophthalmology,Pain mechanisms and management in corneal cross-linking: a review.,corneal_cxl_phrase|collagen_cxl_phrase|CXL_abbrev|epi_on_off,ophthalmology_journal
34874483,added,2021,Der Ophthalmologe : Zeitschrift der Deutschen Ophthalmologischen Gesellschaft,[Histological changes in keratoconus and wound healing after corneal cross-linking].,corneal_cxl_phrase|CXL_abbrev,ophthalmology_journal
34860722,added,2022,Eye & contact lens,Crosslinking in Microbial Keratitis: Where Are We Today?,bare_crosslink+disease,ophthalmology_journal;no_abstract
34711207,added,2021,BMC veterinary research,Mechanical behaviour of healthy versus alkali-lesioned corneas by a porcine organ culture model.,riboflavin_uv|bare_crosslink+disease,
34640185,added,2021,"Materials (Basel, Switzerland)",Blue Light-Activated Riboflavin Phosphate Promotes Collagen Crosslinking to Modify the Properties of Connective Tissues.,corneal_cxl_phrase|collagen_cxl_phrase|riboflavin_uv,
34592226,added,2021,International journal of biological macromolecules,Photo-crosslinked GelMA/collagen membrane loaded with lysozyme as an antibacterial corneal implant.,bare_crosslink+disease,
34550310,added,2021,Translational vision science & technology,"Corneal Collagen Cross-Linking Pretreatment Mitigates Injury-Induced Inflammation, Hemangiogenesis and Lymphangiogenesis In Vivo.",corneal_cxl_phrase|collagen_cxl_phrase|CXL_abbrev,ophthalmology_journal
34501218,added,2021,Journal of clinical medicine,Controversy and Consideration of Refractive Surgery in Patients with Heritable Disorders of Connective Tissue.,collagen_cxl_phrase|CXL_abbrev,
34424223,added,2021,Eye & contact lens,Identifying Eyes That Can Benefit From Cross-linking Is Mostly a Question of Clinical Judgment.,bare_crosslink+disease,ophthalmology_journal;no_abstract
34328498,added,2021,Translational vision science & technology,Biomechanics of Ophthalmic Crosslinking.,bare_crosslink+disease,ophthalmology_journal
34321817,added,2021,Middle East African journal of ophthalmology,Safety and Efficacy of Epithelial Island Crosslinking in Keratoconus with Thinnest Pachymetry less than 400µ.,CXL_abbrev|epi_on_off|bare_crosslink+disease,ophthalmology_journal
34263132,added,2021,Therapeutic advances in ophthalmology,Advances in the diagnosis and treatment of keratoconus.,corneal_cxl_phrase,ophthalmology_journal
34207081,added,2021,Journal of clinical medicine,A Retrospective Study of Herpetic Keratitis in Patients with Keratoconus after Crosslinking Surgery.,CXL_abbrev|bare_crosslink+disease,
34195474,added,2021,American journal of ophthalmology case reports,A case of infectious crystalline keratopathy after corneal cross-linking.,corneal_cxl_phrase,ophthalmology_journal
34176917,added,2021,Cornea,"Cool Cross-Linking: Riboflavin at 4°C for Pain Management After Cross-Linking for Keratoconus Patients, a Randomized Clinical Trial.",bare_crosslink+disease,ophthalmology_journal;no_abstract
34137523,added,2021,"Journal of Ayub Medical College, Abbottabad : JAMC",A Study On Efficacy Of Corneal Collagen Cross Linking In Progressive Keratoconus.,corneal_cxl_phrase|collagen_cxl_phrase,
34044698,added,2021,"Journal of refractive surgery (Thorofare, N.J. : 1995)","Erratum for ""Interferometric Ex Vivo Evaluation of the Spatial Changes to Corneal Biomechanics Introduced by Topographic CXL: A Pilot Study"".",CXL_abbrev,ophthalmology_journal;no_abstract
34009489,added,2021,Biomechanics and modeling in mechanobiology,Multi-physics modeling and finite element formulation of corneal UV cross-linking.,bare_crosslink+disease,
34003977,added,2021,Translational vision science & technology,Corneal Optical Coherence Tomography Speckle in Crosslinked and Untreated Rabbit Eyes in Response to Elevated Intraocular Pressure.,corneal_cxl_phrase|collagen_cxl_phrase|riboflavin_uv,ophthalmology_journal
34003973,added,2021,Translational vision science & technology,Chemical Cross-Linking of Corneal Tissue to Reduce Progression of Loss of Sight in Patients With Keratoconus.,bare_crosslink+disease,ophthalmology_journal
33872673,added,2021,Experimental eye research,A new collagen scaffold for the improvement of corneal biomechanical properties in a rabbit model.,corneal_cxl_phrase|collagen_cxl_phrase,ophthalmology_journal
33857213,added,2021,PloS one,Experimental in-vitro investigation on Epi-Off-Crosslinking on porcine corneas.,CXL_abbrev|epi_on_off|bare_crosslink+disease,
33812086,added,2021,The ocular surface,Safety and efficacy of UV application for superficial infections in humans: A systematic review and meta-analysis.,CXL_abbrev|bare_crosslink+disease,ophthalmology_journal
33765359,added,2021,The Cochrane database of systematic reviews,Transepithelial versus epithelium-off corneal crosslinking for progressive keratoconus.,corneal_cxl_phrase|collagen_cxl_phrase|CXL_abbrev|epi_on_off|riboflavin_uv,
33733442,added,2021,Klinische Monatsblatter fur Augenheilkunde,The Effectiveness of Corneal Epithelial Debridement Performed with an Alcohol-Impregnated Sponge.,CXL_abbrev|bare_crosslink+disease,ophthalmology_journal
33689606,added,2021,Clinical & experimental optometry,Efficacy of two silicone-hydrogel bandage contact lenses after corneal crosslinking.,corneal_cxl_phrase|CXL_abbrev,ophthalmology_journal
33682969,added,2021,Xenotransplantation,"Invited commentary on ""Deep Anterior lamellar keratoplasty with Cross-linked Acellular Porcine Corneal Stroma to Manage Fungal Keratitis"".",bare_crosslink+disease,no_abstract
33671011,added,2021,Pharmaceutics,Significance of Crosslinking Approaches in the Development of Next Generation Hydrogels for Corneal Tissue Engineering.,bare_crosslink+disease,
33624461,added,2021,Journal of biomedical optics,Heartbeat optical coherence elastography: corneal biomechanics in vivo.,CXL_abbrev|bare_crosslink+disease,
33548255,added,2021,Experimental eye research,Compaction of very thin corneas from ultraviolet A riboflavin-vitamin E transepithelial cross-linking.,CXL_abbrev|epi_on_off|riboflavin_uv|bare_crosslink+disease,ophthalmology_journal
33514906,added,2021,"Eye (London, England)",Central versus paracentral cone location and outcomes of accelerated cross-linking in keratoconus patients.,CXL_abbrev|bare_crosslink+disease,ophthalmology_journal
33466126,added,2021,Medicine,Comparison of safety and efficiency of corneal topography-guided photorefractive keratectomy and combined with crosslinking in myopic correction: An 18-month fo,CXL_abbrev|bare_crosslink+disease,
33443628,added,2021,Graefe's archive for clinical and experimental ophthalmology = Albrecht von Graefes Archiv fur klinische und experimentelle Ophthalmologie,"NF-κB, iNOS, IL-6, and collagen 1 and 5 expression in healthy and keratoconus corneal fibroblasts after 0.1% riboflavin UV-A illumination.",CXL_abbrev|riboflavin_uv|bare_crosslink+disease,ophthalmology_journal
33340508,added,2021,American journal of ophthalmology,Individualized Corneal Cross-linking With Riboflavin and UV-A in Ultrathin Corneas: The Sub400 Protocol.,corneal_cxl_phrase|CXL_abbrev|riboflavin_uv,ophthalmology_journal
33316263,added,2020,Experimental eye research,Update on the genetics of keratoconus.,CXL_abbrev,ophthalmology_journal;cxl_signal_in_keywords_only
33231276,added,2020,Klinische Monatsblatter fur Augenheilkunde,"In vivo Histology of the Cornea - from the ""Rostock Cornea Module"" to the ""Rostock Electronic Slit Lamp"" - a Clinical ""Proof of Concept"" Study.",CXL_abbrev,ophthalmology_journal
33171194,added,2020,Experimental eye research,The biology of corneal cross-linking derived from ultraviolet light and riboflavin.,corneal_cxl_phrase|collagen_cxl_phrase|CXL_abbrev|riboflavin_uv,ophthalmology_journal
33103812,added,2020,Xenotransplantation,Deep anterior lamellar keratoplasty with cross-linked acellular porcine corneal stroma to manage fungal keratitis.,bare_crosslink+disease,
33078105,added,2020,International journal of ophthalmology,Three-year follow-up in advanced pediatric keratoconus: thin corneas may not have pachymetry properly assessed after crosslinking.,CXL_abbrev|bare_crosslink+disease,ophthalmology_journal
33034364,added,2020,"Journal of refractive surgery (Thorofare, N.J. : 1995)","A Simple Calculator to Decide UVA ""On"" Time for Cross-linking of Thin Keratoconic Corneas (< 400 µm).",bare_crosslink+disease,ophthalmology_journal;no_abstract
33031809,added,2020,Ophthalmology,Cross-Linking Assisted Infection Reduction: One-year Follow-up of a Randomized Clinical Trial Evaluating Cross-Linking for Fungal Keratitis.,bare_crosslink+disease,ophthalmology_journal;no_abstract
33000763,added,2020,Biofabrication,Ultra-stiff compressed collagen for corneal perforation patch graft realized by in situ photochemical crosslinking.,bare_crosslink+disease,
32983439,added,2020,Annals of medicine and surgery (2012),Corneal parameters 18 Months following collagen cross-linkage treatment (CXL) for keratoconus in western Saudi Arabia: A prospective cohort study.,collagen_cxl_phrase|CXL_abbrev,
32902932,added,2021,Journal of cataract and refractive surgery,Topography/wavefront-guided photorefractive keratectomy combined with crosslinking for the treatment of keratoconus: preliminary results.,CXL_abbrev|epi_on_off|bare_crosslink+disease,ophthalmology_journal
32896387,added,2020,Ophthalmology,Re: Prajna et al.: Cross-Linking-Assisted Infection Reduction: a randomized clinical trial evaluating the effect of adjuvant cross-linking on outcomes in fungal,bare_crosslink+disease,ophthalmology_journal;no_abstract
32879776,added,2020,Translational vision science & technology,Topical Corneal Cross-Linking Solution Delivered Via Corneal Reservoir in Dutch-Belted Rabbits.,corneal_cxl_phrase|riboflavin_uv,ophthalmology_journal
32800613,added,2020,Ophthalmology,Re: Prajna et al.: Cross-Linking-Assisted Infection Reduction: a randomized clinical trial evaluating the effect of adjuvant cross-linking on outcomes in fungal,bare_crosslink+disease,ophthalmology_journal;no_abstract
32779468,added,2020,Vestnik oftalmologii,[Epidemiology and treatment of fungal keratitis].,CXL_abbrev|bare_crosslink+disease,ophthalmology_journal;cxl_signal_in_keywords_only
32751471,added,2020,International journal of molecular sciences,Corneal UV Protective Effects of a Topical Antioxidant Formulation: A Pilot Study on In Vivo Rabbits.,riboflavin_uv,
32703392,added,2020,Ophthalmology,Re: Prajna et al.: Cross-Linking-Assisted Infection Reduction (CLAIR): A randomized clinical trial evaluating the effect of adjuvant cross-linking on outcomes i,bare_crosslink+disease,ophthalmology_journal;no_abstract
32685777,added,2020,Romanian journal of ophthalmology,Results in keratoconus correction with Kerasoft 3 Contact lenses.,CXL_abbrev|bare_crosslink+disease,ophthalmology_journal
32641797,added,2020,"Eye (London, England)",Current perspectives in the management of keratoconus with contact lenses.,CXL_abbrev|bare_crosslink+disease,ophthalmology_journal
32637419,added,2020,Frontiers in medicine,Accelerated (45 mW/cm2) Transepithelial Corneal Cross-Linking for Progressive Keratoconus Patients: Long-Term Topographical and Clinical Outcomes.,corneal_cxl_phrase|CXL_abbrev|riboflavin_uv,
32556637,added,2020,Graefe's archive for clinical and experimental ophthalmology = Albrecht von Graefes Archiv fur klinische und experimentelle Ophthalmologie,Comparison of waveform-derived corneal stiffness and stress-strain extensometry-derived corneal stiffness using different cross-linking irradiances: an experime,CXL_abbrev|bare_crosslink+disease,ophthalmology_journal
32537477,added,2020,"Eye and vision (London, England)",5-year efficacy of all surface laser ablation with cross-linking (ASLA-XTRA) for the treatment of myopia.,CXL_abbrev|bare_crosslink+disease,ophthalmology_journal
32504479,added,2020,Vestnik oftalmologii,[Clinical results of modified crosslinking in the treatment of purulent keratitis and corneal ulcers].,CXL_abbrev|bare_crosslink+disease,ophthalmology_journal
32490019,added,2020,"Medical hypothesis, discovery & innovation ophthalmology journal",Peripheral Cornea Crosslinking Before Deep Anterior Lamellar Keratoplasty.,CXL_abbrev|bare_crosslink+disease,ophthalmology_journal
32443319,added,2020,Medicine,Evaluation and ultrastructural changes of amniotic membrane fragility after UVA/riboflavin cross-linking and its effects on biodegradation.,riboflavin_uv|bare_crosslink+disease,
32442558,added,2020,Experimental eye research,Keratocyte biology.,collagen_cxl_phrase,ophthalmology_journal
32372574,added,2020,Journal of biomedical optics,Heartbeat OCE: corneal biomechanical response to simulated heartbeat pulsation measured by optical coherence elastography.,riboflavin_uv|bare_crosslink+disease,
32340101,added,2020,Animals : an open access journal from MDPI,An Assay System to Evaluate Riboflavin/UV-A Corneal Phototherapy Efficacy in a Porcine Corneal Organ Culture Model.,riboflavin_uv,
32318286,added,2020,Journal of ophthalmology,"Extrusion of Femtosecond Laser-Implanted Intrastromal Corneal Ring Segments in Keratoconic Eyes: Prevalence, Risk Factors, and Clinical Outcomes.",CXL_abbrev|bare_crosslink+disease,ophthalmology_journal
32050235,added,2020,Journal of cataract and refractive surgery,Prospective 3-arm study on pain and epithelial healing after corneal crosslinking.,corneal_cxl_phrase|CXL_abbrev|epi_on_off,ophthalmology_journal
31872325,added,2019,Lasers in medical science,Rose bengal photodynamic antimicrobial therapy to inhibit Pseudomonas aeruginosa keratitis isolates.,riboflavin_uv,
31860972,added,2019,Medicine,"A prospective, randomized clinical study comparing accelerated corneal collagen crosslinking with 5% NaCl hypertonic saline for bullous keratopathy in Asian eye",corneal_cxl_phrase|collagen_cxl_phrase|CXL_abbrev|epi_on_off,
31860073,added,2020,Bioscience reports,Development of a topical tissue cross-linking solution using sodium hydroxymethylglycinate (SMG): viscosity effect.,CXL_abbrev|riboflavin_uv|bare_crosslink+disease,
31849445,added,2019,"Clinical ophthalmology (Auckland, N.Z.)",Visual and Refractive Long-Term Outcomes Following Standard Cross-Linking in Progressive Keratoconus Management.,bare_crosslink+disease,ophthalmology_journal
31845564,added,2020,"Medicinski glasnik : official publication of the Medical Association of Zenica-Doboj Canton, Bosnia and Herzegovina",Cross-linking treatment for better visual acuity.,CXL_abbrev|bare_crosslink+disease,
31755807,added,2019,Journal of ocular pharmacology and therapeutics : the official journal of the Association for Ocular Pharmacology and Therapeutics,Ophthalmic Drug Delivery Using Iontophoresis: Recent Clinical Applications.,corneal_cxl_phrase,ophthalmology_journal
31654497,added,2019,Acta ophthalmologica,Standard cross-linking protocol versus accelerated and transepithelial cross-linking protocols for treatment of paediatric keratoconus: a 2-year comparative stu,CXL_abbrev|epi_on_off|bare_crosslink+disease,ophthalmology_journal
31569699,added,2019,"Bioengineering (Basel, Switzerland)",Tissue-Derived Biological Particles Restore Cornea Properties in an Enzyme-Mediated Corneal Ectatic Model.,collagen_cxl_phrase,cxl_signal_in_keywords_only
31546364,added,2019,"Materials science & engineering. C, Materials for biological applications","Potential for combined delivery of riboflavin and all-trans retinoic acid, from silk fibroin for corneal bioengineering.",bare_crosslink+disease,
31403321,added,2019,Current eye research,In Vitro Efficacy of Chlorhexidine and a riboflavin/UVA Combination on Fungal Agents of Keratitis.,riboflavin_uv|bare_crosslink+disease,ophthalmology_journal
31396412,added,2019,Journal of ophthalmology,"Corrigendum to ""Under-the-Flap Crosslinking and LASIK in Early Ectasia with Hyperopic Refractive Error"".",bare_crosslink+disease,ophthalmology_journal
31372311,added,2019,Translational vision science & technology,Quantification of Double Stranded DNA Breaks and Telomere Length as Proxies for Corneal Damage and Replicative Stress in Human Keratoconus Corneas.,CXL_abbrev|bare_crosslink+disease,ophthalmology_journal
31341652,added,2019,Journal of ophthalmology,"Comment on ""Under-the-Flap Crosslinking and LASIK in Early Ectasia with Hyperopic Refractive Error"".",bare_crosslink+disease,ophthalmology_journal;no_abstract
31215545,added,2019,Vestnik oftalmologii,[Modern methods of surgical treatment of keratectasias].,corneal_cxl_phrase|collagen_cxl_phrase,ophthalmology_journal;cxl_signal_in_keywords_only
31204085,added,2019,Journal francais d'ophtalmologie,Tobacco smoking in crosslinked keratoconus patients.,CXL_abbrev|bare_crosslink+disease,ophthalmology_journal
31185107,added,2019,"Journal of refractive surgery (Thorofare, N.J. : 1995)",Stromal Scarring and Visual Acuity Loss After Combined PRK and CXL for Keratoconus.,CXL_abbrev,ophthalmology_journal;no_abstract
31111489,added,2019,Photochemistry and photobiology,Medical Applications of Rose Bengal- and Riboflavin-Photosensitized Protein Crosslinking.,bare_crosslink+disease,
31019909,added,2019,Frontiers in bioengineering and biotechnology,"A Review of Structural and Biomechanical Changes in the Cornea in Aging, Disease, and Photochemical Crosslinking.",CXL_abbrev|bare_crosslink+disease,
31012258,added,2019,Veterinary ophthalmology,Corneal cross-linking (CXL)-A clinical study to evaluate CXL as a treatment in comparison with medical treatment for ulcerative keratitis in horses.,corneal_cxl_phrase|CXL_abbrev|riboflavin_uv,ophthalmology_journal
30920597,added,2019,JAMA ophthalmology,Clinical Evaluation and Validation of the Dutch Crosslinking for Keratoconus Score.,bare_crosslink+disease,ophthalmology_journal
30855096,added,2019,"Journal of refractive surgery (Thorofare, N.J. : 1995)",Iontophoresis CXL With and Without Epithelial Debridement Versus Standard CXL: 2-Year Clinical Results of a Prospective Clinical Study.,CXL_abbrev|epi_on_off,ophthalmology_journal
30770866,added,2019,"Eye (London, England)","Response to ""Comment on: Effectiveness and safety of accelerated (9 mW/cm2) corneal collagen cross-linking for progressive keratoconus: a 24-month follow-up"".",corneal_cxl_phrase|collagen_cxl_phrase,ophthalmology_journal;no_abstract
30770865,added,2019,"Eye (London, England)","Comment on ""Effectiveness and safety of accelerated (9 mW/cm2) corneal collagen cross-linking for progressive keratoconus: a 24-month follow-up"".",corneal_cxl_phrase|collagen_cxl_phrase,ophthalmology_journal;no_abstract
30762310,added,2019,Acta ophthalmologica,Ultrahigh-resolution anterior segment optical coherence tomography for analysis of corneal microarchitecture during wound healing.,CXL_abbrev|epi_on_off|bare_crosslink+disease,ophthalmology_journal
30690906,added,2019,Acta ophthalmologica,Vector analysis and Pentacam to compare standard cross-linking and photorefractive keratectomy combined with accelerated cross-linking in keratoconus management,bare_crosslink+disease,ophthalmology_journal;no_abstract
30615727,added,2018,Biomedical optics express,Modified wavelength scanning interferometry for simultaneous tomography and topography of the cornea with Fourier domain optical coherence tomography.,CXL_abbrev|bare_crosslink+disease,
30581603,added,2018,Journal of ophthalmology,Under-the-Flap Crosslinking and LASIK in Early Ectasia with Hyperopic Refractive Error.,CXL_abbrev|riboflavin_uv|bare_crosslink+disease,ophthalmology_journal
30581308,added,2018,Saudi journal of ophthalmology : official journal of the Saudi Ophthalmological Society,Spontaneous breakage of intracorneal ring segments (ICRS) 8 years after implantation.,CXL_abbrev|bare_crosslink+disease,ophthalmology_journal
30499232,added,2018,Acta ophthalmologica,Standard cross-linking versus photorefractive keratectomy combined with accelerated cross-linking for keratoconus management: a comparative study.,CXL_abbrev|epi_on_off|bare_crosslink+disease,ophthalmology_journal
30361711,added,2018,Cirugia y cirujanos,[Experiencia con crosslinking en pacientes mexicanos con queratocono y variables queratométricas como factores pronóstico de agudeza visual].,CXL_abbrev|riboflavin_uv|bare_crosslink+disease,
30347076,added,2018,Investigative ophthalmology & visual science,Rose Bengal and Green Light Versus Riboflavin-UVA Cross-Linking: Corneal Wound Repair Response.,riboflavin_uv|bare_crosslink+disease,ophthalmology_journal
29952798,added,2018,Cornea,Evaluation of the Effectiveness of Cross-Linking Combined With Photorefractive Keratectomy for Treatment of Keratoconus.,CXL_abbrev|epi_on_off|bare_crosslink+disease,ophthalmology_journal
29871966,added,2018,The British journal of ophthalmology,Biomechanical assessment of healthy and keratoconic corneas (with/without crosslinking) using dynamic ultrahigh-speed Scheimpflug technology and the relevance o,CXL_abbrev|bare_crosslink+disease,ophthalmology_journal
29853413,added,2018,Journal francais d'ophtalmologie,[Infectious keratitis after crosslinking for keratoconus in a patient with systemic lupus].,bare_crosslink+disease,ophthalmology_journal;no_abstract
29778118,added,2018,Journal of cataract and refractive surgery,Erratum.,CXL_abbrev,ophthalmology_journal
29739628,added,2018,Ophthalmology,Collagen Cross-Linked Therapeutic Grafts in Fungal Keratitis.,collagen_cxl_phrase,ophthalmology_journal;no_abstract
29738582,added,2018,"Journal of refractive surgery (Thorofare, N.J. : 1995)","Erratum for ""The Relationship between Mechanical Properties, Ultrastructural Changes, and Intrafibrillar Bond Formation in Corneal UVA/Riboflavin Cross-Linking ",riboflavin_uv|bare_crosslink+disease,ophthalmology_journal;no_abstract
29673063,added,2018,American journal of transplantation : official journal of the American Society of Transplantation and the American Society of Transplant Surgeons,UV light crosslinking regresses mature corneal blood and lymphatic vessels and promotes subsequent high-risk corneal transplant survival.,corneal_cxl_phrase|riboflavin_uv,
29657977,added,2018,BMJ open ophthalmology,Expert practice patterns and opinions on corneal cross-linking for infectious keratitis.,corneal_cxl_phrase|CXL_abbrev,ophthalmology_journal
29576880,added,2018,Journal of ophthalmology,Three-Year Outcomes of Cross-Linking PLUS (Combined Cross-Linking with Femtosecond Laser Intracorneal Ring Segments Implantation) for Management of Keratoconus.,CXL_abbrev|epi_on_off|bare_crosslink+disease,ophthalmology_journal
29561496,added,2018,Optometry and vision science : official publication of the American Academy of Optometry,Effects of Thickness on Corneal Biomechanical Properties Using Optical Coherence Elastography.,CXL_abbrev|bare_crosslink+disease,ophthalmology_journal
29406330,added,2018,Ophthalmic plastic and reconstructive surgery,Photochemically Induced Crosslinking of Tarsal Collagen as a Treatment for Eyelid Laxity: Assessing Potentiality in Animal Tissue.,corneal_cxl_phrase|collagen_cxl_phrase|riboflavin_uv,ophthalmology_journal
29398901,added,2018,"Clinical ophthalmology (Auckland, N.Z.)",Simultaneous intratunnel cross-linking with intrastromal corneal ring segment implantation versus simultaneous epithelium-off cross-linking with intrastromal co,epi_on_off|bare_crosslink+disease,ophthalmology_journal
29364259,added,2018,Journal of visualized experiments : JoVE,Second Harmonic Generation Signals in Rabbit Sclera As a Tool for Evaluation of Therapeutic Tissue Cross-linking (TXL) for Myopia.,bare_crosslink+disease,
29346493,added,2018,Investigative ophthalmology & visual science,"Antimicrobial Studies Using the Therapeutic Tissue Cross-Linking Agent, Sodium Hydroxymethylglycinate: Implication for Treating Infectious Keratitis.",bare_crosslink+disease,ophthalmology_journal
29215396,added,2018,Cornea,Outcomes of Corneal Cross-Linking Correlate With Cone-Specific Lysyl Oxidase Expression in Patients With Keratoconus.,corneal_cxl_phrase|CXL_abbrev,ophthalmology_journal
29183298,added,2017,BMC ophthalmology,Differences in corneal clinical findings after standard and accelerated cross-linking in patients with progressive keratoconus.,CXL_abbrev|bare_crosslink+disease,ophthalmology_journal
29170974,added,2017,International ophthalmology,Comparative proteomic analysis of amnion membrane transplantation and cross-linking treatments in an experimental alkali injury model.,CXL_abbrev|bare_crosslink+disease,ophthalmology_journal
29158733,added,2017,Journal of biophysics (Hindawi Publishing Corporation : Online),Effect of Ultraviolet Light Irradiation Combined with Riboflavin on Different Bacterial Pathogens from Ocular Surface Infection.,riboflavin_uv,
28983498,added,2016,Optica,Selective two-photon collagen crosslinking in situ measured by Brillouin microscopy.,collagen_cxl_phrase|CXL_abbrev,
28944203,added,2017,International journal of ophthalmology,Systematic review and Meta-analysis comparing modified cross-linking and standard cross-linking for progressive keratoconus.,bare_crosslink+disease,ophthalmology_journal
28935121,added,2017,Survey of ophthalmology,Treatment of acute ocular chemical burns.,collagen_cxl_phrase,ophthalmology_journal
28855517,added,2017,Scientific reports,Cross-linked decellularized porcine corneal graft for treating fungal keratitis.,bare_crosslink+disease,
28837529,added,2017,Cornea,Corneal Tomographic Changes After UV Cross-Linking for Corneal Ectasia (1-Year Results).,bare_crosslink+disease,ophthalmology_journal
28828480,added,2017,Investigative ophthalmology & visual science,"Long-Term Biomechanical and Histologic Results of WST-D/NIR Corneal Stiffening in Rabbits, Up to 8 Months Follow-up.",riboflavin_uv|bare_crosslink+disease,ophthalmology_journal
28787525,added,2017,"Journal of refractive surgery (Thorofare, N.J. : 1995)",Tomography-Guided Customized CXL.,CXL_abbrev,ophthalmology_journal;no_abstract
28778569,added,2017,American journal of ophthalmology,Safety and Efficacy of Sequential Intracorneal Ring Segment Implantation and Cross-linking in Pediatric Keratoconus.,bare_crosslink+disease,ophthalmology_journal;no_abstract
28761323,added,2017,Molecular vision,The comparative safety of genipin versus UVA-riboflavin crosslinking of rabbit corneas.,CXL_abbrev|riboflavin_uv|bare_crosslink+disease,ophthalmology_journal
28709990,added,2017,International journal of antimicrobial agents,In-vitro development of an effective treatment for Acanthamoeba keratitis.,riboflavin_uv,
28700779,added,2017,Investigative ophthalmology & visual science,Corneal Wound Repair After Rose Bengal and Green Light Crosslinking: Clinical and Histologic Study.,collagen_cxl_phrase,ophthalmology_journal
28691944,added,2017,Cornea,Efficacy and z* Formula for Minimum Corneal Thickness in Ultraviolet Light Cross-Linking.,bare_crosslink+disease,ophthalmology_journal;no_abstract
28646439,added,2017,International ophthalmology,Alterations in contact lens fitting parameters following cross-linking in keratoconus patients of Indian ethnicity.,corneal_cxl_phrase|collagen_cxl_phrase|CXL_abbrev,ophthalmology_journal
28609427,added,2017,The Medical letter on drugs and therapeutics,Riboflavin (Photrexa) for ultraviolet light for progressive keratoconus.,riboflavin_uv,no_abstract
28573997,added,2017,Indian journal of ophthalmology,Allergen-specific exposure associated with high immunoglobulin E and eye rubbing predisposes to progression of keratoconus.,collagen_cxl_phrase,ophthalmology_journal
28552439,added,2017,Archivos de la Sociedad Espanola de Oftalmologia,Sterile infiltrates after cross-linking.,bare_crosslink+disease,ophthalmology_journal
28546941,added,2017,International journal of ophthalmology,Role of corneal collagen fibrils in corneal disorders and related pathological conditions.,corneal_cxl_phrase,ophthalmology_journal
28540578,added,2017,Der Ophthalmologe : Zeitschrift der Deutschen Ophthalmologischen Gesellschaft,[Complications and postoperative therapeutic strategies in cross-linking].,corneal_cxl_phrase|riboflavin_uv,ophthalmology_journal
28513495,added,2017,Indian journal of ophthalmology,Effect of post crosslinking haze on the repeatability of Scheimpflug-based and slit-scanning imaging devices.,collagen_cxl_phrase|CXL_abbrev,ophthalmology_journal
28494493,added,2017,Investigative ophthalmology & visual science,Flexible Optical Waveguides for Uniform Periscleral Cross-Linking.,bare_crosslink+disease,ophthalmology_journal
28470657,added,2017,Klinische Monatsblatter fur Augenheilkunde,[Morphologic Corneal Changes after Crosslinking for Keratoconus].,riboflavin_uv|bare_crosslink+disease,ophthalmology_journal
28407170,added,2017,"Journal of refractive surgery (Thorofare, N.J. : 1995)",CXL at the Slit Lamp: No Clinically Relevant Changes in Corneal Riboflavin Distribution During Upright UV Irradiation.,CXL_abbrev,ophthalmology_journal;no_abstract
28341606,added,2017,American journal of ophthalmology,Safety and Efficacy of Sequential Intracorneal Ring Segment Implantation and Cross-linking in Pediatric Keratoconus.,CXL_abbrev|bare_crosslink+disease,ophthalmology_journal
28270007,added,2017,Orvosi hetilap,[Impact of crosslinking on corneal epithelial healing].,CXL_abbrev|bare_crosslink+disease,
28264133,added,2017,"Journal of refractive surgery (Thorofare, N.J. : 1995)",Why Non-contact Tonometry Tests Cannot Evaluate the Effects of Corneal Collagen Cross-linking.,corneal_cxl_phrase|collagen_cxl_phrase|CXL_abbrev,ophthalmology_journal
28196224,added,2017,Investigative ophthalmology & visual science,Loss of Tryptophan Fluorescence Correlates With Mechanical Stiffness Following Photo-Crosslinking Treatment of Rabbit Cornea.,bare_crosslink+disease,ophthalmology_journal
28106466,added,2017,Journal of ocular pharmacology and therapeutics : the official journal of the Association for Ocular Pharmacology and Therapeutics,Phototoxic Effect of Topical Fluoroquinolones Administered Before Corneal Crosslinking in a Murine Model.,corneal_cxl_phrase|CXL_abbrev,ophthalmology_journal
28079590,added,2017,Eye & contact lens,The Evaluation of Corneal Fragility After UVA/Riboflavin Crosslinking.,CXL_abbrev|riboflavin_uv|bare_crosslink+disease,ophthalmology_journal
28055099,added,2017,Investigative ophthalmology & visual science,Evaluation of Therapeutic Tissue Crosslinking (TXL) for Myopia Using Second Harmonic Generation Signal Microscopy in Rabbit Sclera.,CXL_abbrev|bare_crosslink+disease,ophthalmology_journal
27982203,added,2016,Arquivos brasileiros de oftalmologia,Crosslinking enters public health armamentarium in Brazil.,bare_crosslink+disease,ophthalmology_journal;no_abstract;ophthalmic_term_absent_journal_vouches
27930789,added,2016,"Journal of refractive surgery (Thorofare, N.J. : 1995)",Comparison of Corneal Riboflavin Gradients Using Dextran and HPMC Solutions.,riboflavin_uv|bare_crosslink+disease,ophthalmology_journal
27892757,added,2016,Expert opinion on drug delivery,Basic principles and current status of transcorneal and transscleral iontophoresis.,corneal_cxl_phrase,
27755188,added,2016,Cornea,Matrix-Based Regenerating Agent for Corneal Wound Healing After Collagen Cross-Linking.,corneal_cxl_phrase|collagen_cxl_phrase|CXL_abbrev,ophthalmology_journal
27741014,added,2016,Cornea,Effect of 1- and 6-Hour-Delayed Corneal Collagen Cross-Linking on Corneal Healing in a Rabbit Alkali-Burn Model: Clinical and Histological Observations.,corneal_cxl_phrase|collagen_cxl_phrase|CXL_abbrev,ophthalmology_journal
27584715,added,2016,JAMA ophthalmology,Effect of a Matrix Therapy Agent on Corneal Epithelial Healing After Standard Collagen Cross-linking in Patients With Keratoconus: A Randomized Clinical Trial.,corneal_cxl_phrase|collagen_cxl_phrase|CXL_abbrev|epi_on_off,ophthalmology_journal
27463630,added,2016,Arquivos brasileiros de oftalmologia,The effects of riboflavin and ultraviolet light on keratocytes cultured in vitro.,riboflavin_uv|bare_crosslink+disease,ophthalmology_journal
27463624,added,2016,Arquivos brasileiros de oftalmologia,Factors affecting visual acuity after accelerated crosslinking in patients with progressive keratoconus.,CXL_abbrev|bare_crosslink+disease,ophthalmology_journal
27456563,added,2016,Vestnik oftalmologii,[Riboflavin photoprotection with cross-linking effect in photorefractive ablation of the cornea].,bare_crosslink+disease,ophthalmology_journal
27292531,added,2016,American journal of ophthalmology,Photoactivated Chromophore for Moderate to Severe Infectious Keratitis as an Adjunct Therapy: A Randomized Controlled Trial.,photoactivated_chromophore,ophthalmology_journal;no_abstract
27159267,added,2016,Current eye research,Correlation of Clinical and Biomechanical Outcomes of Accelerated Crosslinking (9 mW/cm2 in 10 minutes) in Keratoconus with Molecular Expression of Ectasia-Rela,CXL_abbrev|bare_crosslink+disease,ophthalmology_journal
27027920,added,2016,Cornea,Corneal Densitometry: Repeatability in Eyes With Keratoconus and Postcollagen Cross-Linking.,collagen_cxl_phrase|CXL_abbrev,ophthalmology_journal
27016125,added,2016,American journal of ophthalmology,Rose Bengal- and Riboflavin-Mediated Photodynamic Therapy to Inhibit Methicillin-Resistant Staphylococcus aureus Keratitis Isolates.,riboflavin_uv,ophthalmology_journal
26949660,added,2016,International journal of ophthalmology,Evaluation of corneal endothelium after UVA/riboflavin cross-linking in thin keratoconic corneas.,riboflavin_uv|bare_crosslink+disease,ophthalmology_journal;no_abstract
26756018,added,2015,Iranian Red Crescent medical journal,Full-Ring Intracorneal Implantation in Corneas With Pellucid Marginal Degeneration.,collagen_cxl_phrase|CXL_abbrev,
26703306,added,2015,Journal of cataract and refractive surgery,Ultraviolet A: Visible spectral absorbance of the human cornea after transepithelial soaking with dextran-enriched and dextran-free riboflavin 0.1% ophthalmic s,none_in_text,ophthalmology_journal
26509077,added,2015,Journal of ophthalmology,Effect of Glyceraldehyde Cross-Linking on a Rabbit Bullous Keratopathy Model.,CXL_abbrev|bare_crosslink+disease,ophthalmology_journal
26483144,added,2016,Graefe's archive for clinical and experimental ophthalmology = Albrecht von Graefes Archiv fur klinische und experimentelle Ophthalmologie,Crosslinking and corneal cryotherapy in acanthamoeba keratitis -- a histological study.,CXL_abbrev|bare_crosslink+disease,ophthalmology_journal
26476968,added,2015,Journal of the mechanical behavior of biomedical materials,Application of UVA-riboflavin crosslinking to enhance the mechanical properties of extracellular matrix derived hydrogels.,collagen_cxl_phrase|riboflavin_uv,
26378758,added,2015,La Clinica terapeutica,Corneal iontophoresis and cross linking: a preliminary report of our experience.,bare_crosslink+disease,
26309866,added,2015,International journal of ophthalmology,Investigation of the efficiency of intrastromal ring segments with cross-linking using different sequence and timing for keratoconus.,CXL_abbrev|bare_crosslink+disease,ophthalmology_journal
26236938,added,2015,Current eye research,Effect of Keratocyte Supernatant on Epithelial Cell Migration and Proliferation After Corneal Crosslinking (CXL).,corneal_cxl_phrase|CXL_abbrev|riboflavin_uv,ophthalmology_journal
26221538,added,2015,Journal of ophthalmology,Clinical Outcomes of Small Incision Lenticule Extraction with Accelerated Cross-Linking (ReLEx SMILE Xtra) in Patients with Thin Corneas and Borderline Topograp,riboflavin_uv|bare_crosslink+disease,ophthalmology_journal
26158932,added,2015,"Journal of refractive surgery (Thorofare, N.J. : 1995)",The Dynamic Safety for Cross-Linking in Thin Corneas With Extra Protection Under a Contact Lens.,bare_crosslink+disease,ophthalmology_journal;no_abstract
26093276,added,2015,Experimental eye research,Corneal stromal elasticity and viscoelasticity assessed by atomic force microscopy after different cross linking protocols.,riboflavin_uv|bare_crosslink+disease,ophthalmology_journal
26057328,added,2015,Cornea,Effect of the Regenerative Agent Poly(Carboxymethylglucose Sulfate) on Corneal Wound Healing After Corneal Cross-Linking for Keratoconus.,corneal_cxl_phrase|CXL_abbrev,ophthalmology_journal
26046710,added,2015,"Journal of refractive surgery (Thorofare, N.J. : 1995)",Intense Early Flattening After Corneal Collagen Cross-linking.,corneal_cxl_phrase|collagen_cxl_phrase|CXL_abbrev,ophthalmology_journal
26046709,added,2015,"Journal of refractive surgery (Thorofare, N.J. : 1995)",Wavefront-Guided Laser Treatment Using a High-Resolution Aberrometer to Measure Irregular Corneas: A Pilot Study.,CXL_abbrev,ophthalmology_journal
26044373,added,2015,European journal of ophthalmology,"Variability of different reference bodies in normal, keratoconus, and collagen crosslinked corneas.",collagen_cxl_phrase|CXL_abbrev,ophthalmology_journal
25949993,added,2015,BioMed research international,Cross-linking and corneal imaging advances.,bare_crosslink+disease,
25870865,added,2015,"Journal of refractive surgery (Thorofare, N.J. : 1995)","Persistent stromal scar after PRK and CXL: different preoperative findings, similar complication.",CXL_abbrev,ophthalmology_journal;no_abstract
25840310,added,2015,Journal of cataract and refractive surgery,Clinical usefulness of best-fit toric ellipsoid reference body in ectatic and crosslinked corneas.,bare_crosslink+disease,ophthalmology_journal;no_abstract
25830534,added,2015,PloS one,Understanding of the viscoelastic response of the human corneal stroma induced by riboflavin/UV-a cross-linking at the nano level.,riboflavin_uv|bare_crosslink+disease,
25795914,added,2015,The British journal of ophthalmology,High-irradiance CXL combined with myopic LASIK: flap and residual stroma biomechanical properties studied ex-vivo.,CXL_abbrev|riboflavin_uv|bare_crosslink+disease,ophthalmology_journal
25768385,added,2015,Cornea,Riboflavin-UV--a crosslinking for fixation of biosynthetic corneal collagen implants.,riboflavin_uv|bare_crosslink+disease,ophthalmology_journal
25751841,added,2015,"Journal of refractive surgery (Thorofare, N.J. : 1995)","Persistent stromal scar after PRK and CXL: different preoperative findings, similar complication.",CXL_abbrev,ophthalmology_journal;no_abstract
25699261,added,2015,BioMed research international,"Viability, apoptosis, proliferation, activation, and cytokine secretion of human keratoconus keratocytes after cross-linking.",CXL_abbrev|riboflavin_uv|bare_crosslink+disease,
25637236,added,2015,Journal francais d'ophtalmologie,[Evaluation of in vitro efficacy of combined riboflavin and ultraviolet-A (365 nm) for Acanthamoeba].,riboflavin_uv|bare_crosslink+disease,ophthalmology_journal
25533553,added,2014,[Zhonghua yan ke za zhi] Chinese journal of ophthalmology,[The status quo and expectation of corneal research in China].,corneal_cxl_phrase|collagen_cxl_phrase,ophthalmology_journal
25488640,added,2015,American journal of ophthalmology,Confocal microscopy analysis of corneal changes after photorefractive keratectomy plus cross-linking for keratoconus: 4-year follow-up.,bare_crosslink+disease,ophthalmology_journal;no_abstract
25468492,added,2014,Pathologie-biologie,A genetic anomaly of oriented collagen biosynthesis and cross-linking: Keratoconus.,CXL_abbrev|bare_crosslink+disease,
25397786,added,2014,"Eye (London, England)",Response to O'Brart: 'Is accelerated cross-linking the way forward? Yes or No'.,bare_crosslink+disease,ophthalmology_journal;no_abstract;ophthalmic_term_absent_journal_vouches
25363069,added,2014,Cutaneous and ocular toxicology,Can possible toxic effect of ultraviolet-A after corneal cross-linking be prevented? In vitro transmittance study of contact lenses at 370 nm wavelength.,corneal_cxl_phrase|collagen_cxl_phrase|riboflavin_uv,ophthalmology_journal
25343263,added,2014,Eye & contact lens,Corneal collagen cross-linking: a review of 1-year outcomes.,corneal_cxl_phrase|collagen_cxl_phrase|CXL_abbrev,ophthalmology_journal
25063407,added,2014,Journal of ultrasound in medicine : official journal of the American Institute of Ultrasound in Medicine,Acoustic radiation force for noninvasive evaluation of corneal biomechanical changes induced by cross-linking therapy.,riboflavin_uv|bare_crosslink+disease,
24999102,added,2014,The ocular surface,Epithelium-off photochemical corneal collagen cross-linkage using riboflavin and ultraviolet a for keratoconus and keratectasia: a systematic review and meta-an,corneal_cxl_phrase|collagen_cxl_phrase|epi_on_off|riboflavin_uv,ophthalmology_journal
24878307,added,2014,American journal of ophthalmology,Confocal microscopy analysis of corneal changes after photorefractive keratectomy plus cross-linking for keratoconus: 4-year follow-up.,CXL_abbrev|bare_crosslink+disease,ophthalmology_journal
24838866,added,2014,Der Ophthalmologe : Zeitschrift der Deutschen Ophthalmologischen Gesellschaft,[Treatment options for bacterial keratitis : Crosslinking versus thermocauterization].,bare_crosslink+disease,ophthalmology_journal;no_abstract
24792103,added,2014,American journal of ophthalmology,Assessment of rose bengal versus riboflavin photodynamic therapy for inhibition of fungal keratitis isolates.,none_in_text,ophthalmology_journal
24766510,added,2014,Clinical & experimental optometry,Re: silicone hydrogel mini-scleral contact lenses in early stage after corneal collagen cross-linking for keratoconus: a retrospective case series.,corneal_cxl_phrase|collagen_cxl_phrase,ophthalmology_journal;no_abstract
24763473,added,2014,"Journal of refractive surgery (Thorofare, N.J. : 1995)",Keratoconus management: long-term stability of topography-guided normalization combined with high-fluence CXL stabilization (the Athens Protocol).,CXL_abbrev|bare_crosslink+disease,ophthalmology_journal
24730252,added,2014,Journal of nanoscience and nanotechnology,Medical applications of atomic force microscopy and Raman spectroscopy.,collagen_cxl_phrase,
24722697,added,2014,Investigative ophthalmology & visual science,Pharmacologic alternatives to riboflavin photochemical corneal cross-linking: a comparison study of cell toxicity thresholds.,corneal_cxl_phrase|CXL_abbrev,ophthalmology_journal
24711659,added,2014,The British journal of ophthalmology,Collagen crosslinking in the management of advanced non-resolving microbial keratitis.,corneal_cxl_phrase|collagen_cxl_phrase|CXL_abbrev,ophthalmology_journal
24622298,added,2014,Cornea,Epithelial remodeling after femtosecond laser-assisted high myopic LASIK: comparison of stand-alone with LASIK combined with prophylactic high-fluence cross-lin,CXL_abbrev|bare_crosslink+disease,ophthalmology_journal
24386903,added,2014,Expert opinion on drug delivery,"Fast-dissolving ocular films of riboflavin acetate conjugate for treatment of keratoconus in UVA-CXL procedure: ex vivo permeation, hemolytic toxicity and apopt",CXL_abbrev|riboflavin_uv,
24355744,added,2014,Journal of cataract and refractive surgery,Safety of extended use of hypoosmolar riboflavin in crosslinking.,bare_crosslink+disease,ophthalmology_journal;no_abstract
24307631,added,2013,"Journal of refractive surgery (Thorofare, N.J. : 1995)",Big bubble DALK after CXL in keratoconic patients.,CXL_abbrev,ophthalmology_journal;no_abstract
24257538,added,2013,Redox report : communications in free radical research,UVA irradiation of riboflavin generates oxygen-dependent hydroxyl radicals.,riboflavin_uv|bare_crosslink+disease,
24205928,added,2013,Ocular immunology and inflammation,Increased reaction after cross-linking in keratoconus melanoderm patients.,bare_crosslink+disease,ophthalmology_journal;no_abstract
24106128,added,2013,Macromolecular bioscience,Hydrogen-bonded complexes and blends of poly(acrylic acid) and methylcellulose: nanoparticles and mucoadhesive films for ocular delivery of riboflavin.,corneal_cxl_phrase,
23998198,added,2013,Photochemistry and photobiology,Aliphatic β-nitroalcohols for therapeutic corneoscleral cross-linking: chemical stability studies using 1H-NMR spectroscopy.,bare_crosslink+disease,
23960934,added,2011,Saudi journal of ophthalmology : official journal of the Saudi Ophthalmological Society,Femtosecond-UVA-riboflavin (FUR) cross-linking approach to penetrating keratoplasty and anterior lamellar keratoplasty.,corneal_cxl_phrase|collagen_cxl_phrase|riboflavin_uv,ophthalmology_journal
23807006,added,2013,Cornea,"Impact of keratoconus, cross-linking and cross-linking combined with topography-guided photorefractive keratectomy on self-reported quality of life: a 3-year up",bare_crosslink+disease,ophthalmology_journal;no_abstract
23715147,added,2012,Arquivos brasileiros de oftalmologia,Antimicrobial susceptibility of photodynamic therapy (UVA/riboflavin) against Staphylococcus aureus.,riboflavin_uv,ophthalmology_journal
23714037,added,2013,[Zhonghua yan ke za zhi] Chinese journal of ophthalmology,[Advanced research in the safety of UVA-riboflavin cross-linking for strengthening corneal and scleral tissue].,riboflavin_uv|bare_crosslink+disease,ophthalmology_journal
23659231,added,2013,"Journal of refractive surgery (Thorofare, N.J. : 1995)",Biological and biomechanical responses to traditional epithelium-off and transepithelial riboflavin-UVA CXL techniques in rabbits.,corneal_cxl_phrase|CXL_abbrev|epi_on_off|riboflavin_uv,ophthalmology_journal
23623018,added,2012,Archivos de la Sociedad Espanola de Oftalmologia,Early confocal microscopy findings after cross-linking treatment.,riboflavin_uv|bare_crosslink+disease,ophthalmology_journal
23583042,added,2013,The ocular surface,Corneal crosslinking with riboflavin and ultraviolet A. I. Principles.,corneal_cxl_phrase|collagen_cxl_phrase|CXL_abbrev|epi_on_off|riboflavin_uv,ophthalmology_journal
23515869,added,2013,Journal of biomedical optics,Nonlinear optical collagen cross-linking and mechanical stiffening: a possible photodynamic therapeutic approach to treating corneal ectasia.,collagen_cxl_phrase|CXL_abbrev,
23506012,added,2013,Clinical & experimental optometry,Silicone hydrogel mini-scleral contact lenses in early stage after corneal collagen cross-linking for keratoconus: a retrospective case series.,corneal_cxl_phrase|collagen_cxl_phrase|CXL_abbrev,ophthalmology_journal
23402595,added,2013,Current eye research,Scanning acoustic microscopy for mapping the microelastic properties of human corneal tissue.,riboflavin_uv|bare_crosslink+disease,ophthalmology_journal
23355529,added,2013,The British journal of ophthalmology,Riboflavin/ultravoilet light-mediated crosslinking for fungal keratitis.,bare_crosslink+disease,ophthalmology_journal;no_abstract
23185178,added,2012,Case reports in ophthalmology,Limbal Stem Cell Allografts and Corneal Transplant in a Patient with Severe Corneal Melting and Perforation due to Thermokeratoplasty and Cross-Linking Treatmen,bare_crosslink+disease,ophthalmology_journal
23053334,added,2012,Der Ophthalmologe : Zeitschrift der Deutschen Ophthalmologischen Gesellschaft,[Corneal ulcer caused by MRSA after UV/riboflavin cross-linking in a patient with bilateral keratoconus].,bare_crosslink+disease,ophthalmology_journal
23022158,added,2012,American journal of ophthalmology,Photorefractive keratectomy followed by cross-linking versus cross-linking alone for management of progressive keratoconus: two-year follow-up.,CXL_abbrev|bare_crosslink+disease,ophthalmology_journal
22906467,added,2012,Journal of cataract and refractive surgery,Transepithelial crosslinking.,bare_crosslink+disease,ophthalmology_journal;no_abstract;ophthalmic_term_absent_journal_vouches
22879413,added,2012,Investigative ophthalmology & visual science,"Fibrinogen, riboflavin, and UVA to immobilize a corneal flap--molecular mechanisms.",riboflavin_uv,ophthalmology_journal
22868444,added,2012,Graefe's archive for clinical and experimental ophthalmology = Albrecht von Graefes Archiv fur klinische und experimentelle Ophthalmologie,Corneal endothelial loss after crosslinking with riboflavin and ultraviolet-A.,riboflavin_uv|bare_crosslink+disease,ophthalmology_journal;no_abstract
22814080,added,2012,Journal of cataract and refractive surgery,Crosslinking and toric phakic IOL in keratoconus.,bare_crosslink+disease,ophthalmology_journal;no_abstract
22736617,added,2012,Investigative ophthalmology & visual science,Corneal biomechanical properties from two-dimensional corneal flap extensiometry: application to UV-riboflavin cross-linking.,CXL_abbrev|bare_crosslink+disease,ophthalmology_journal
22710492,added,2012,Cornea,Photo-activated riboflavin therapy of refractory corneal ulcers.,riboflavin_uv|bare_crosslink+disease,ophthalmology_journal
22589434,added,2012,Investigative ophthalmology & visual science,"Fibrinogen, riboflavin, and UVA to immobilize a corneal flap--conditions for tissue adhesion.",riboflavin_uv,ophthalmology_journal
22553753,added,2012,International journal of ophthalmology,Study on the optical property and biocompatibility of a tissue engineering cornea.,collagen_cxl_phrase,ophthalmology_journal
22472250,added,2012,Ophthalmology,Crosslinking for recurrent keratoconus.,bare_crosslink+disease,ophthalmology_journal;no_abstract
22435096,added,2012,Biomedical optics express,Dynamic OCT measurement of corneal deformation by an air puff in normal and cross-linked corneas.,riboflavin_uv|bare_crosslink+disease,
22362227,added,2012,La Clinica terapeutica,[Is viscoelastic the corneal tissue?].,riboflavin_uv|bare_crosslink+disease,
22349981,added,2012,Graefe's archive for clinical and experimental ophthalmology = Albrecht von Graefes Archiv fur klinische und experimentelle Ophthalmologie,Response to: Evaluation of combined riboflavin and ultraviolet A as an alternative treatment for keratitis.,riboflavin_uv,ophthalmology_journal;no_abstract
22331148,added,2012,Graefe's archive for clinical and experimental ophthalmology = Albrecht von Graefes Archiv fur klinische und experimentelle Ophthalmologie,Evaluation of combined riboflavin and ultraviolet A as an alternative treatment for keratitis.,riboflavin_uv,ophthalmology_journal;no_abstract
22267456,added,2012,European journal of ophthalmology,Riboflavin's time-dependent degradation rate induced by ultraviolet A irradiation.,riboflavin_uv,ophthalmology_journal
22222507,added,2012,Investigative ophthalmology & visual science,Optimization model for UV-riboflavin corneal cross-linking.,corneal_cxl_phrase|riboflavin_uv,ophthalmology_journal
22058341,added,2011,Investigative ophthalmology & visual science,Assessing efficacy of combined riboflavin and UV-A light (365 nm) treatment of Acanthamoeba trophozoites.,riboflavin_uv,ophthalmology_journal
21941509,added,2011,Case reports in ophthalmology,Ultraviolet-a light and riboflavin therapy for acanthamoeba keratitis: a case report.,riboflavin_uv,ophthalmology_journal
21795286,added,2011,The British journal of ophthalmology,Influence of contact lens wear on the results of ultraviolet A/riboflavin cross-linking for progressive keratoconus.,CXL_abbrev|riboflavin_uv|bare_crosslink+disease,ophthalmology_journal
21751766,added,2011,"Journal of refractive surgery (Thorofare, N.J. : 1995)",Cross-linking in progressive keratoconus using an epithelial debridement or intrastromal pocket technique after previous corneal ring segment implantation.,CXL_abbrev|bare_crosslink+disease,ophthalmology_journal
21732526,added,2011,Journal of biomedical materials research. Part A,Photochemical cross-linking of plastically compressed collagen gel produces an optimal scaffold for corneal tissue engineering.,riboflavin_uv|bare_crosslink+disease,
21718406,added,2011,Clinical & experimental ophthalmology,In vivo confocal laser-scanning microscopy to characterize wound repair in rabbit corneas after collagen cross-linking.,collagen_cxl_phrase|riboflavin_uv,ophthalmology_journal
21656433,added,2011,Klinische Monatsblatter fur Augenheilkunde,[Effect of various compositions of riboflavin eye drops on the intraoperative corneal thickness during UVA-cross-linking in keratoconus eyes].,riboflavin_uv|bare_crosslink+disease,ophthalmology_journal
21498616,added,2011,Investigative ophthalmology & visual science,Combined nonlinear and femtosecond confocal laser-scanning microscopy of rabbit corneas after photochemical cross-linking.,riboflavin_uv|bare_crosslink+disease,ophthalmology_journal
21464703,added,2011,Cornea,Keratopathy after cross-linking for keratoconus.,bare_crosslink+disease,ophthalmology_journal
21310802,added,2011,The British journal of ophthalmology,Air-pulse corneal applanation signal curve parameters for the characterisation of keratoconus.,CXL_abbrev|bare_crosslink+disease,ophthalmology_journal
21282989,added,2011,Cornea,UV-riboflavin cross-linking of the cornea in bullous keratopathy: appraising the rationale.,bare_crosslink+disease,ophthalmology_journal;no_abstract
21275608,added,2011,Current eye research,Examining the suitability of riboflavin/UVA treatment for strengthening the stromal bioequivalent of a human cornea construct.,collagen_cxl_phrase|riboflavin_uv,ophthalmology_journal
21183111,added,2011,Journal of cataract and refractive surgery,"Adhesion of laser in situ keratomileusis-like flaps in the cornea: Effects of crosslinking, stromal fibroblasts, and cytokine treatment.",CXL_abbrev|riboflavin_uv|bare_crosslink+disease,ophthalmology_journal
21162471,added,2010,"Journal of refractive surgery (Thorofare, N.J. : 1995)",Corneal wound healing after ultraviolet-A/riboflavin collagen cross-linking: a rabbit study.,corneal_cxl_phrase|collagen_cxl_phrase|CXL_abbrev|riboflavin_uv,ophthalmology_journal
21155987,added,2010,Acta ophthalmologica,No retinal morphology changes after use of riboflavin and long-wavelength ultraviolet light for treatment of keratoconus.,riboflavin_uv,ophthalmology_journal;no_abstract
21110504,added,2010,Bulletin de la Societe belge d'ophtalmologie,UVA/riboflavin crosslinking as treatment for corneal melting.,CXL_abbrev|riboflavin_uv|bare_crosslink+disease,ophthalmology_journal
20958193,added,2010,Current eye research,Correlation between UV absorption and riboflavin concentration in different depths of the cornea in CXL.,CXL_abbrev,ophthalmology_journal;no_abstract
20888486,added,2010,Ophthalmology,Pachymetry during Cross-linking.,bare_crosslink+disease,ophthalmology_journal;no_abstract
20884060,added,2010,Ophthalmology,Riboflavin and ultraviolet light a therapy as an adjuvant treatment for medically refractive Acanthamoeba keratitis: report of 3 cases.,riboflavin_uv,ophthalmology_journal
20654221,added,2010,[Zhonghua yan ke za zhi] Chinese journal of ophthalmology,[The progress of corneal crosslink in corneal disease].,corneal_cxl_phrase|riboflavin_uv,ophthalmology_journal
20335618,added,2010,Investigative ophthalmology & visual science,In vitro efficacy of antifungal treatment using riboflavin/UV-A (365 nm) combination and amphotericin B.,riboflavin_uv|bare_crosslink+disease,ophthalmology_journal
20334780,added,2010,Ugeskrift for laeger,[UVA riboflavin-crosslinking: promising keratoconus treatment].,riboflavin_uv|bare_crosslink+disease,no_abstract
20107418,added,2010,Eye & contact lens,The absorption characteristics of the human cornea in ultraviolet-a crosslinking.,riboflavin_uv|bare_crosslink+disease,ophthalmology_journal
20091179,added,2010,Graefe's archive for clinical and experimental ophthalmology = Albrecht von Graefes Archiv fur klinische und experimentelle Ophthalmologie,Bactericidal effect of photo-activated riboflavin using UVA.,riboflavin_uv,ophthalmology_journal;no_abstract
20053427,added,2010,Acta histochemica,"Lectin binding in normal, keratoconus and cross-linked human corneas.",bare_crosslink+disease,
20000284,added,2009,"Journal of refractive surgery (Thorofare, N.J. : 1995)",Remodeling effect of cross-linking.,bare_crosslink+disease,ophthalmology_journal;no_abstract;ophthalmic_term_absent_journal_vouches
19928694,added,2009,"Journal of refractive surgery (Thorofare, N.J. : 1995)",Sequential in vivo confocal microscopy study of corneal wound healing after cross-linking in patients with keratoconus.,corneal_cxl_phrase|collagen_cxl_phrase|CXL_abbrev|riboflavin_uv,ophthalmology_journal
19921518,added,2009,Graefe's archive for clinical and experimental ophthalmology = Albrecht von Graefes Archiv fur klinische und experimentelle Ophthalmologie,Evaluation of antibacterial efficacy of photo-activated riboflavin using ultraviolet light (UVA).,riboflavin_uv,ophthalmology_journal
19853404,added,2009,Biomedicine & pharmacotherapy = Biomedecine & pharmacotherapie,"Keratoconus, cross-link-induction, comparison between fitting exponential function and a fitting equation obtained by a mathematical model.",riboflavin_uv|bare_crosslink+disease,
19432845,added,2009,Acta ophthalmologica,Histological changes in human cornea after cross-linking with riboflavin and ultraviolet A.,riboflavin_uv|bare_crosslink+disease,ophthalmology_journal;no_abstract
19411973,added,2009,Cornea,Polymicrobial keratitis after a collagen cross-linking procedure with postoperative use of a contact lens: a case report.,collagen_cxl_phrase|riboflavin_uv,ophthalmology_journal
18811120,added,2008,"Journal of refractive surgery (Thorofare, N.J. : 1995)",Staged intrastromal delivery of riboflavin with UVA cross-linking in advanced bullous keratopathy: laboratory investigation and first clinical case.,riboflavin_uv|bare_crosslink+disease,ophthalmology_journal
18791720,added,2008,Der Ophthalmologe : Zeitschrift der Deutschen Ophthalmologischen Gesellschaft,[Haze or calcific band keratopathy after crosslinking treatment?].,bare_crosslink+disease,ophthalmology_journal;no_abstract;ophthalmic_term_absent_journal_vouches
18698146,added,2008,Ophthalmologica. Journal international d'ophtalmologie. International journal of ophthalmology. Zeitschrift fur Augenheilkunde,UVA/riboflavin-induced apoptosis in mouse cornea.,riboflavin_uv,ophthalmology_journal
18498974,added,2008,Journal of cataract and refractive surgery,Crosslinking for iatrogenic keratectasia after LASIK and for keratoconus.,bare_crosslink+disease,ophthalmology_journal;no_abstract
18362667,added,2008,Cornea,Gel electrophoretic analysis of corneal collagen after photodynamic cross-linking treatment.,collagen_cxl_phrase|riboflavin_uv,ophthalmology_journal
18236379,added,2008,Klinische Monatsblatter fur Augenheilkunde,[Corneal melting after cross-linking and deep lamellar keratoplasty in a keratoconus patient].,bare_crosslink+disease,ophthalmology_journal
18055575,added,2007,The British journal of ophthalmology,Non-destructive mechanical characterisation of UVA/riboflavin crosslinked collagen hydrogels.,riboflavin_uv|bare_crosslink+disease,ophthalmology_journal
17900232,added,2007,Journal of ocular pharmacology and therapeutics : the official journal of the Association for Ocular Pharmacology and Therapeutics,Induction of ultraviolet cataracts in vitro: prevention by pyruvate.,none_in_text,ophthalmology_journal
17846958,added,2007,Klinische Monatsblatter fur Augenheilkunde,[Cross linking].,bare_crosslink+disease,ophthalmology_journal;no_abstract;ophthalmic_term_absent_journal_vouches
17720054,added,2007,Journal of cataract and refractive surgery,Hydration behavior of porcine cornea crosslinked with riboflavin and ultraviolet A.,riboflavin_uv|bare_crosslink+disease,ophthalmology_journal;no_abstract
17525659,added,2007,Cornea,Wound healing in the rabbit cornea after corneal collagen cross-linking with riboflavin and UVA.,corneal_cxl_phrase|collagen_cxl_phrase|riboflavin_uv,ophthalmology_journal
16565005,added,2006,Journal of cataract and refractive surgery,Biomechanical evidence of the distribution of cross-links in corneas treated with riboflavin and ultraviolet A light.,riboflavin_uv|bare_crosslink+disease,ophthalmology_journal
14612343,added,2003,Drug delivery,In vitro and in vivo characterization of scleral implant of indomethacin: role of plasticizer and cross-linking time.,bare_crosslink+disease,
40134920,removed,2025,Frontiers in medicine,Editorial: Seeing is believing: cutting-edge technologies transforming ophthalmology.,filtered:,
39070790,removed,2024,Frontiers in pharmacology,Editorial: Research and advances on medication for corneal diseases and surgery.,filtered:,
36361942,removed,2022,International journal of molecular sciences,Topical Omega-3 Fatty Acids Eyedrops in the Treatment of Dry Eye and Ocular Surface Disease: A Systematic Review.,filtered:,
34277654,removed,2021,Frontiers in medicine,Shaping Eyeballs by Scleral Collagen Cross-Linking: A Hypothesis for Myopia Treatment.,filtered:,
33549965,removed,2021,Medical hypotheses,Vitreous collagen cross-linking and maturation and interactions with internal limiting membrane (ILM) collagen may have a potential role in modulating postnatal,filtered:,
30826578,removed,2019,"Spectrochimica acta. Part A, Molecular and biomolecular spectroscopy",Photocrosslinking of collagen using Ru(II)-polypyridyl complex functionalized gold nanoparticles.,filtered:,
29799859,removed,2018,PloS one,Transient viscous response of the human cornea probed with the Surface Force Apparatus.,filtered:,
25955559,removed,2015,Journal of the mechanical behavior of biomedical materials,Air-puff associated quantification of non-linear biomechanical properties of the human cornea in vivo.,filtered:,
24265319,removed,2013,The Journal of biological chemistry,"Lateral growth limitation of corneal fibrils and their lamellar stacking depend on covalent collagen cross-linking by transglutaminase-2 and lysyl oxidases, res",filtered:,
20006338,removed,2009,Journal of biomechanics,Biomechanical model of human cornea based on stromal microstructure.,filtered:,
19686668,removed,2009,Biophysical journal,Structural characterization of edematous corneas by forward and backward second harmonic generation imaging.,filtered:,
12462640,removed,2002,Photochemistry and photobiology,Photoactivated coumaryl-diazopyruvate fluorescent label for amine functional groups of tissues containing type-I collagen.,filtered:,
