stratum,pmid,year,journal,title,abstract_start,arm,relevant_yn,screened_by,date,note
corpus,37699556,2023,Cornea,Ray-Tracing Transepithelial Excimer Laser Central Corneal Remodeling Plus Pachymetry-Guided Accelerated Corneal Crosslinking for Keratoconus.,PURPOSE: The aim of this study was to report the 12 to 96 months results of a tissue-preservation algorithm based on ray-tracing-guided transepithelial excimer laser central corneal ablation (RT t-PRK) combined with individualized pachymetry-guided accelerated crosslinking (M nomogram ACXL) in young,corneal_cxl_phrase|CXL_abbrev,,,,
corpus,33859086,2022,Cornea,Outcomes After Corneal Crosslinking for Keratoconus in Children and Young Adults.,PURPOSE: The aim of this study was to assess the effect of corneal crosslinking on vision and keratometry in children and young adults with progressive keratoconus. METHODS: A retrospective medical records review of patients aged 22 years or younger with keratoconus who underwent corneal crosslinkin,corneal_cxl_phrase,,,,
corpus,39110318,2024,Ophthalmology and therapy,Could Automated Objective Measurements Acquired at the Preoperative Stage Estimate the Corrected Distance Visual Acuity after Corneal Cross-Linking in Keratoconus?,"INTRODUCTION: Objective markers describing corneal optical density (COD), thinnest corneal thickness (TCT), and anterior (ARC) and posterior (PRC) surface radii over the 3 mm thinnest region of the cornea were investigated to provide a model for estimating corrected distance visual acuity (CDVA) aft",corneal_cxl_phrase|CXL_abbrev,,,,
corpus,36187250,2022,Biomedical optics express,Effectiveness of collagen cross-linking induced by two-photon absorption properties of a femtosecond laser in ex vivo human corneal stroma.,This study aimed to investigate the effectiveness of two-photon induced collagen cross-linking (CXL) using femtosecond lasers in human corneal stroma. An 800-nm femtosecond laser optical path for CXL was established. Corneal samples that received two-photon induced CXL and ultraviolet-A (UVA) CXL un,collagen_cxl_phrase|CXL_abbrev,,,,
corpus,23294178,2013,Molecular pharmaceutics,Cyclodextrin-mediated enhancement of riboflavin solubility and corneal permeability.,"Cyclodextrins are water-soluble cyclic oligosaccharides consisting of six, seven, and eight α-(1,4)-linked glucopyranose subunits. This study reports the use of different cyclodextrins in eye drop formulations to improve the aqueous solubility and corneal permeability of riboflavin. Riboflavin is a ",corneal_cxl_phrase,,,,
corpus,30984983,2019,"Journal of refractive surgery (Thorofare, N.J. : 1995)",Biomechanical Impact of Localized Corneal Cross-linking Beyond the Irradiated Treatment Area.,"PURPOSE: To investigate the stiffening effect of localized corneal cross-linking (L-CXL) within and beyond the irradiated region in three dimensions. METHODS: Ten porcine eyes were debrided of epithelium and incrementally soaked with 0.1% riboflavin solution. Using a customized, sharp-edged mask, ha",corneal_cxl_phrase|CXL_abbrev,,,,
corpus,22051781,2012,Optometry and vision science : official publication of the American Academy of Optometry,Two cases of keratoconus diagnosed after pregnancy.,PURPOSE: This case report aims to demonstrate that pregnancy-induced biomechanical corneal changes in combination with risk factors for ectasia can develop into (the exacerbation of) keratoconus. CASE REPORT: We describe two women who were clinically diagnosed with keratoconus after their second pre,corneal_cxl_phrase,,,,
corpus,31487097,2019,Clinical & experimental ophthalmology,"Corneal refractive surgery combined with simultaneous corneal cross-linking: Indications, protocols and clinical outcomes-A review.","Corneal refractive surgery is one of the most common approaches for correction of refractive errors. Combined corneal refractive surgery and corneal cross-linking (CXL) has been proposed as a method to achieve better refractive stability and to prevent iatrogenic corneal ectasia. However, there are ",corneal_cxl_phrase|CXL_abbrev,,,,
corpus,25850703,2015,Cornea,"Relationship of Structural Characteristics to Biomechanical Profile in Normal, Keratoconic, and Crosslinked Eyes.","PURPOSE: To evaluate the correlation of corneal biomechanical parameters with structural characteristics in normal, keratoconic, and collagen crosslinked eyes. METHODS: A prospective observational study that included 50 normal, 100 keratoconic, and 25 crosslinked eyes. All eyes were imaged using a S",collagen_cxl_phrase,,,,
corpus,33852555,2021,Optometry and vision science : official publication of the American Academy of Optometry,Case Report: Double Intrastromal Corneal Ring Segment and Posterior Chamber Phakic Intraocular Lens Implantation.,"SIGNIFICANCE: Keratoconus can manifest asymmetrically, affecting binocularity and becoming a refractive problem that is sometimes complex to solve. We propose a therapeutic approach for correction of keratoconus based on parallel implantation of a second intrastromal corneal ring segment (ICRS). PUR",corneal_cxl_phrase,,,,
corpus,41022958,2025,Scientific reports,Ultraviolet A absorption coefficients of contact lenses for use in contact lens assisted corneal crosslinking for thin Corneas.,The purpose of this study was to compare the UVA absorption coefficients of multiple hydrogel and silicone hydrogel lenses (with and without pre-soaking in riboflavin) to those reported for the human cornea. The study also assessed the effect of different contact lens pre-soak times (in riboflavin) ,corneal_cxl_phrase|collagen_cxl_phrase|riboflavin_uv,,,,
corpus,38608970,2024,Journal of equine veterinary science,Medical management and positive outcome after prolonged recumbency in a case of equine herpesvirus myeloencephalopathy.,"A 17-year-old mare presenting with acute fever, weakness and bladder dysfunction was diagnosed with equine herpesvirus myeloencephalopathy (EHM). The mare become transiently recumbent, underwent parenteral fluid therapy, plasma infusion, steroidal/nonsteroidal anti-inflammatory drugs (SAID/NSAIDs) a",corneal_cxl_phrase,,,,
corpus,35801890,2022,Vestnik oftalmologii,[Changes in precorneal tear film and ocular surface in keratoconic patients after corneal collagen cross-linking].,"The article reviews the current available data on the signs and symptoms of dry eye syndrome (DES) in patients with keratoconus (KC), describes the clinical features of DES in KC patients and the morphological features of this type of keratectasia that lead to manifestations of the «dry eye», and hi",corneal_cxl_phrase|collagen_cxl_phrase,,,,
corpus,35450449,2022,European journal of ophthalmology,Evaluation of macular function and morphology following accelerated collagen cross-linking in progressive keratoconus.,PURPOSE: To assess any changes in macular function and morphology in patients with progressive keratoconus undergoing accelerated corneal cross-linking (CXL). METHODS: This prospective case series included 9 eyes of 8 patients with progressive keratoconus undergoing CXL using a high intensity accele,corneal_cxl_phrase|collagen_cxl_phrase|CXL_abbrev,,,,
corpus,22025568,2011,Investigative ophthalmology & visual science,"Equivalence of biomechanical changes induced by rapid and standard corneal cross-linking, using riboflavin and ultraviolet radiation.",PURPOSE: Ultraviolet (UV) corneal cross-linking is an accepted method for treating corneal ecstatic disorders. The authors evaluated whether a rapid treatment protocol (higher intensity and shorter irradiation time) could achieve the same increase in corneal stiffness as the currently used standard ,corneal_cxl_phrase|riboflavin_uv,,,,
corpus,37343287,2023,Journal of cataract and refractive surgery,Corneal crosslinking with riboflavin using sunlight.,"PURPOSE: To assess whether sunlight might be used to induce a biomechanical stiffening effect in riboflavin-soaked corneas similar to the effect observed in corneal crosslinking (CXL) using riboflavin and UV-A light. SETTING: Center for Applied Biotechnology and Molecular Medicine, University of Zur",corneal_cxl_phrase|CXL_abbrev|riboflavin_uv,,,,
corpus,30037699,2018,Journal of cataract and refractive surgery,Visual and keratometric outcomes of keratoconus patients after sequential corneal crosslinking and topography-guided surface ablation: Early United States experience.,"PURPOSE: To evaluate a sequential treatment algorithm for visual and keratometric improvement in keratoconus patients after corneal crosslinking (CXL) followed by topography-guided photorefractive keratectomy (PRK). SETTING: Ophthalmic Consultants of Long Island, Garden City, New York, USA. DESIGN: ",corneal_cxl_phrase|CXL_abbrev,,,,
corpus,22792444,2012,Journal of ophthalmology,Advanced corneal cross-linking system with fluorescence dosimetry.,"Purpose. This paper describes an advanced system that combines corneal cross-linking with riboflavin with fluorescence dosimetry, the ability to measure riboflavin diffusion within the cornea both before and during UVA treatment. Methods and Results. A corneal cross-linking system utilizing a digita",corneal_cxl_phrase|riboflavin_uv,,,,
corpus,24497860,2013,Journal of research in medical sciences : the official journal of Isfahan University of Medical Sciences,Topographic corneal changes after collagen cross-linking in patients with corneal keratoconus.,"BACKGROUND: Corneal collagen cross-linking with riboflavin, also known as collagen cross-linking (CXL), involves the application of riboflavin solution to the eye that is activated by illumination with ultraviolet A (UVA) light. We survey here the topographic corneal changes one year after CXL in pa",corneal_cxl_phrase|collagen_cxl_phrase|CXL_abbrev|riboflavin_uv,,,,
corpus,26509764,2016,Cornea,Assessment of a Novel Corneal-Shaping Device With Simultaneous Corneal Collagen Cross-Linking Using a Porcine Eye Model.,"PURPOSE: Corneal collagen cross-linking (CXL) alone cannot substantially improve refractive errors. We designed a novel corneal-shaping device, showing that a prototype applied during CXL can alter corneal curvature to a greater extent than CXL alone in a porcine eye model. METHODS: The device proto",corneal_cxl_phrase|collagen_cxl_phrase|CXL_abbrev,,,,
corpus,31014449,2019,Deutsches Arzteblatt international,Corneal Collagen Cross-Linking in the Stabilization of Keratoconus.,BACKGROUND: Keratoconus is a slowly progressive ectatic deformity of the cornea with a prevalence of 200 to 400 cases per 100 000 persons. The cornea is thinner than normal and irregularly warped; irregular astigmatism and myopia result. Riboflavin-UVA crosslinking (collagen cross-linking) makes cor,corneal_cxl_phrase|collagen_cxl_phrase|riboflavin_uv,,,,
corpus,27055493,2016,Klinische Monatsblatter fur Augenheilkunde,[Corneal Cross-Linking with Riboflavin and UVA in Keratoconus].,Changes in the biomechanical properties of the human cornea play an important role in the pathogenesis of corneal ectatic diseases. Many different pathological conditions in the cornea may reduce its biomechanical resistance. Corneal collagen cross-linking (CXL) has emerged as a promising technique ,corneal_cxl_phrase|collagen_cxl_phrase|CXL_abbrev|riboflavin_uv,,,,
corpus,38590463,2024,Cureus,Prevalence of Keratoconus in the Young Eastern Population of Saudi Arabia.,"BACKGROUND: Keratoconus (KCN) is a progressive corneal ectasia that manifests at a young age and significantly impacts vision and quality of life. Early diagnosis allows for effective treatment with corneal collagen crosslinking, yet there is a lack of screening methods. This research aims to screen",corneal_cxl_phrase|collagen_cxl_phrase,,,,
corpus,20861724,2011,Cornea,Short-term corneal response to cross-linking in rabbit eyes assessed by in vivo confocal laser scanning microscopy and histology.,PURPOSE: Corneal cross-linking for the treatment of keratoconus has been tested in animal trials and proven clinically. A combination of in vivo confocal laser scanning microscopy (CLSM) and histology was used in rabbit corneas to assess early modifications at the cellular level after corneal cross-,corneal_cxl_phrase,,,,
corpus,27918357,2017,Cornea,"Re: Godefrooij DA, Soeters N, Imhof SM, Wisse RP. Corneal Cross-Linking for Pediatric Keratoconus: Long-Term Results. Cornea. 2016 Jul;35(7):954-8.",,corneal_cxl_phrase,,,,
corpus,33892046,2021,Ophthalmology,Effect of Corneal Cross-linking versus Standard Care on Keratoconus Progression in Young Patients: The KERALINK Randomized Controlled Trial.,"PURPOSE: To examine the efficacy and safety of corneal cross-linking (CXL) for stabilization of progressive keratoconus. DESIGN: Observer-masked, randomized, controlled, parallel-group superiority trial. PARTICIPANTS: Sixty participants 10 to 16 years of age with progressive keratoconus, one eye of ",corneal_cxl_phrase|CXL_abbrev,,,,
corpus,25488640,2015,American journal of ophthalmology,Confocal microscopy analysis of corneal changes after photorefractive keratectomy plus cross-linking for keratoconus: 4-year follow-up.,,bare_crosslink+disease,,,,
corpus,37068601,2023,Experimental eye research,The role of KS GAGs in the microstructure of CXL-treated corneal stroma; a transmission electron microscopy study.,"The mechanical and physical properties of the cornea originate from the microstructure and composition of its extracellular matrix. It is known that collagen fibrils, with a relatively uniform diameter, are organized in a pseudo-hexagonal array. It has been suggested that proteoglycans and the inter",corneal_cxl_phrase|CXL_abbrev,,,,
corpus,24508795,2014,Investigative ophthalmology & visual science,Biomechanical changes after repeated collagen cross-linking on human corneas assessed in vitro using scanning acoustic microscopy.,"PURPOSE: To explore the biomechanical changes induced by repeated cross-linking using scanning acoustic microscopy (SAM). METHODS: Thirty human corneas were divided into three groups. In group A, five corneas were cross-linked once. In group B, five corneas were cross-linked twice, 24 hours apart. I",collagen_cxl_phrase|riboflavin_uv,,,,
corpus,33229657,2020,Indian journal of ophthalmology,Advanced epithelial mapping for refractive surgery.,"One of the leading challenges in refractive surgery today is the presence of underlying subclinical early-stage keratoconus (KC), which can lead to iatrogenic post laser in situ keratomileusis ectasia. Timely detection of this condition could aid the refractive surgeons in better decision-making. Th",corneal_cxl_phrase|collagen_cxl_phrase,,,,
corpus,37805417,2023,[Zhonghua yan ke za zhi] Chinese journal of ophthalmology,[Short term clinical observation of keratoconus treated with stromal lenticule addition keratoplasty combined with corneal collagen cross-linking].,Objective: To investigate the efficacy of Femtosecond laser-assisted stromal lenticule addition keratoplasty (SLAK) combined with corneal collagen cross-linking (CXL) in the treatment of middle and advanced Keratoconus. Methods: It was a retrospective case series study. Data of 23 cases (24 eyes) of,corneal_cxl_phrase|collagen_cxl_phrase|CXL_abbrev|mesh_CXL,,,,
corpus,34592475,2021,The ocular surface,Surgical management of infectious keratitis.,The successful management of infectious keratitis is usually achieved with a combination of tools for accurate diagnosis and targeted timely antimicrobial therapy. An armamentarium of surgical interventions is available in the acute stage which can be resorted to in a step wise manner or in combinat,collagen_cxl_phrase,,,,
corpus,31300155,2019,Journal of biomechanics,Two-year changes in corneal stiffness parameters after accelerated corneal cross-linking.,"The objective of this non-randomized trial was comparison of two-year changes in dynamic corneal response (DCR) between 18 mW/cm2 (5- min) and 9 mW/cm2 (10-min) cross-linking (CXL) protocols, using novel stiffness parameters and correlating them to clinical indices. The two groups were evaluated bef",corneal_cxl_phrase|CXL_abbrev,,,,
corpus,29110439,2017,Acta ophthalmologica,Iontophoretic collagen cross-linking versus epithelium-off collagen cross-linking for early stage of progressive keratoconus - 3 years follow-up study.,PURPOSE: To compare 3-year iontophoretic corneal collagen cross-linking (I-CXL) outcomes with epithelium-off corneal collagen cross-linking (epi-off CXL) for early stage of progressive keratoconus. METHODS: Eighty eyes of 80 patients with early progressive keratoconus treated by I-CXL (n = 40) or ep,corneal_cxl_phrase|collagen_cxl_phrase|CXL_abbrev|epi_on_off,,,,
corpus,34854915,2021,Translational vision science & technology,Evaluation of the Physiological Corneal Intrastromal Riboflavin Concentration and the Corneal Elastic Modulus After Violet Light Irradiation.,PURPOSE: KeraVio is a corneal crosslinking treatment modality that utilizes violet light (VL)-emitting glasses and topical epithelium-on riboflavin administration. We focus on the new KeraVio protocol without riboflavin. This study aims to quantify the physiological intrastromal concentrations of ri,corneal_cxl_phrase|epi_on_off,,,,
corpus,14739922,2004,"Eye (London, England)",Keratocyte cytotoxicity of riboflavin/UVA-treatment in vitro.,PURPOSE: Collagen crosslinking using ultraviolet- A (UVA) -irradiation combined with the photosensitizer riboflavin is a new technique for treating progressive keratoconus. It has been shown to increase effectively the biomechanical strength of the cornea and to stop or even reverse the progression ,collagen_cxl_phrase|riboflavin_uv,,,,
corpus,26867998,2016,Clinical & experimental ophthalmology,Photodynamic UVA-riboflavin bacterial elimination in antibiotic-resistant bacteria.,BACKGROUND: To evaluate the bactericidal effect of clinical ultraviolet A (UVA) settings used in photoactivated chromophore for infectious keratitis (PACK)-collagen cross-linking (CXL) in antibiotic-resistant and non-resistant bacterial strains. METHODS: Well-characterized bacterial strains from cli,collagen_cxl_phrase|CXL_abbrev|riboflavin_uv|photoactivated_chromophore,,,,
corpus,23361513,2013,Investigative ophthalmology & visual science,Brillouin microscopy of collagen crosslinking: noncontact depth-dependent analysis of corneal elastic modulus.,"PURPOSE: Corneal collagen crosslinking (CXL) is designed to halt the progression of keratoconus and corneal ectasia by inducing corneal stiffening. However, it currently is difficult to monitor and evaluate CXL outcome objectively due to the lack of suitable methods to characterize corneal mechanica",corneal_cxl_phrase|collagen_cxl_phrase|CXL_abbrev|epi_on_off|riboflavin_uv,,,,
corpus,26221538,2015,Journal of ophthalmology,Clinical Outcomes of Small Incision Lenticule Extraction with Accelerated Cross-Linking (ReLEx SMILE Xtra) in Patients with Thin Corneas and Borderline Topography.,"Purpose. To study the safety and clinical outcomes of ReLEx SMILE with accelerated cross-linking in individuals with thinner corneas, borderline topography, and higher refractive errors. Methods. Eligible patients first underwent SMILE procedure for correction of myopic refractive error. Following t",riboflavin_uv|bare_crosslink+disease,,,,
corpus,28106466,2017,Journal of ocular pharmacology and therapeutics : the official journal of the Association for Ocular Pharmacology and Therapeutics,Phototoxic Effect of Topical Fluoroquinolones Administered Before Corneal Crosslinking in a Murine Model.,"PURPOSE: Corneal crosslinking by UV light (UV-CXL) has become a popular treatment for keratoconus and corneal ectasia. Fluoroquinolones (FQs), commonly administered topically before UV-CXL, are known to be phototoxic to the skin and lens. The purpose of this study was to investigate phototoxic effec",corneal_cxl_phrase|CXL_abbrev,,,,
corpus,24878254,2014,Journal of cataract and refractive surgery,Penetration of moxifloxacin through crosslinked corneas.,"PURPOSE: To determine the ability of moxifloxacin to penetrate the rabbit eye after corneal collagen crosslinking (CXL) with riboflavin and ultraviolet-A light irradiation. SETTING: Harlan Biotech Israel, Rehovot, Israel. DESIGN: Experimental study. METHODS: One eye of 10 New Zealand white rabbits h",corneal_cxl_phrase|collagen_cxl_phrase|CXL_abbrev|riboflavin_uv,,,,
corpus,27388250,2016,The British journal of ophthalmology,Epithelium-off versus transepithelial corneal collagen crosslinking for progressive corneal ectasia: a randomised and controlled trial.,AIM: To compare the outcomes of corneal collagen crosslinking (CXL) for the treatment of progressive corneal ectasia using a standard epithelium-off technique versus a transepithelial technique with enhanced riboflavin solution. METHODS: One hundred and forty-four eyes with progressive corneal ectas,corneal_cxl_phrase|collagen_cxl_phrase|CXL_abbrev|epi_on_off,,,,
corpus,25853446,2015,"Eye (London, England)",Corneal collagen crosslinking for keratoconus or corneal ectasia without epithelial debridement.,PURPOSE: Corneal collagen crosslinking (CXL) is a relatively new technique to reduce the progression of keratoconus. The technique can be performed with or without complete debridement of the corneal epithelium. We describe a novel intermediate technique involving mechanical disruption of the epithe,corneal_cxl_phrase|collagen_cxl_phrase|CXL_abbrev|epi_on_off,,,,
corpus,24625376,2014,"Eye (London, England)",Effects and adverse events after CXL for keratoconus are independent of age: a 1-year follow-up study.,"PURPOSE: To compare the effect, failure rate and the risks of corneal cross-linking (CXL) in keratoconus patients aged ≥35 years to patients <35 years. METHODS: In 141 eyes of 116 keratoconus patients we compared the changes in best phoropter-corrected visual acuity (BCVA) and maximum keratometry va",corneal_cxl_phrase|CXL_abbrev,,,,
corpus,35985744,2022,BMJ case reports,Pellucid marginal corneal degeneration in a teenager.,"A teenage boy presented to the clinic complaining of poor vision in both eyes. His best-corrected visual acuity was 20/25. The slit lamp examination revealed vertically oval corneas, crescentic peripheral inferior corneal thinning and ectasia in both eyes. Corneal topography showed against-the-rule ",collagen_cxl_phrase,,,,
corpus,28935449,2017,Journal of AAPOS : the official publication of the American Association for Pediatric Ophthalmology and Strabismus,Long-term outcomes of corneal cross-linking for keratoconus in pediatric patients.,PURPOSE: To report the long-term outcomes of corneal cross-linking (CXL) in pediatric patients with bilateral progressive keratoconus. METHODS: The medical records of consecutive pediatric patients with bilateral progressive keratoconus who underwent CXL at a single institution from June 2007to Dece,corneal_cxl_phrase|CXL_abbrev,,,,
corpus,24240489,2014,Cornea,Corneal collagen fibril changes after ultraviolet a/riboflavin corneal crosslinking.,"PURPOSE: The aim was to investigate the changes in collagen type 1 and type 3 in rabbit corneas undergoing corneal crosslinking with ultraviolet A and riboflavin and to analyze the possible mechanisms of corneal haze formation. METHODS: After removal of the central epithelium, the right corneas of 6",corneal_cxl_phrase|riboflavin_uv,,,,
corpus,18836172,2008,Investigative ophthalmology & visual science,Initial studies using aliphatic beta-nitro alcohols for therapeutic corneal cross-linking.,"PURPOSE: Corneal collagen cross-linking through UVA-riboflavin photochemistry (UVAR) has been shown to be an effective treatment for keratoconus and related keratectasias. In recent studies using sclera, the authors observed that short-chain aliphatic beta-nitro alcohols can cross-link collagenous t",corneal_cxl_phrase|collagen_cxl_phrase|riboflavin_uv,,,,
corpus,25295278,2014,BioMed research international,Accelerated corneal collagen cross-linking in pediatric patients: two-year follow-up results.,PURPOSE: To evaluate the effectiveness and safety of accelerated corneal collagen cross-linking (ACXL) in patients below 14 years of age with progressive keratoconus. MATERIALS AND METHODS: Thirty eyes of 18 patients with established progressive keratoconus underwent preoperative and postoperative v,corneal_cxl_phrase|collagen_cxl_phrase|CXL_abbrev,,,,
corpus,33148465,2020,The ocular surface,Management of corneal complications in vernal keratoconjunctivitis: A review.,"Vernal keratoconjunctivitis (VKC) is a chronic, bilateral, allergic conjunctivitis with episodes of acute exacerbations. Although VKC has a self-limiting course, chronic recurrent inflammation can cause long-term visual impairment due to corneal complications including shield ulcers, infectious kera",collagen_cxl_phrase,,,,
corpus,32036622,2020,Clinical & experimental optometry,Plasma homocysteine levels in patients with keratoconus.,"BACKGROUND: To compare the plasma levels of homocysteine between patients with keratoconus and healthy subjects. METHODS: Thirty-three keratoconus patients, and 47 age-gender matched healthy subjects were included in this prospective study. The plasma level of homocysteine, folic acid, and vitamin B",corneal_cxl_phrase|collagen_cxl_phrase,,,,
corpus,41232020,2025,Clinical & experimental optometry,Level of reactive oxygen species in keratoconic eyes wearing scleral lenses.,CLINICAL RELEVANCE: Oxidative stress and elevated reactive oxygen species (ROS) are implicated in corneal pathologies such as keratoconus. Understanding how scleral lens (SL) wear influence these mechanisms is important for optimizing patient management. BACKGROUND: To assess the alteration in ROS l,collagen_cxl_phrase,,,,
corpus,39681212,2024,Progress in retinal and eye research,Corneal cross-linking.,"First introduced over 20 years ago as a treatment for progressive keratoconus, the original ""Dresden"" corneal cross-linking (CXL) protocol involved riboflavin saturation of the stroma, followed by 30 min of 3 mW/cm2-intensity ultraviolet-A (UV-A) irradiation. This procedure generates reactive oxygen",corneal_cxl_phrase|CXL_abbrev|epi_on_off|riboflavin_uv|photoactivated_chromophore|mesh_CXL,,,,
corpus,30662839,2019,International journal of ophthalmology,Riboflavin/ultraviolet A-induced collagen cross-linking in rabbit corneal scar.,"AIM: To evaluate the biomechanical stability of the corneal scar treating with riboflavin and ultraviolet A (UVA). METHODS: Totally 86 New Zeal rabbits were divided into control group (group A, n=8) and trauma groups [group B (n=27), group C (n=24) and group D (n=27)]. Then groups B, C and D were di",corneal_cxl_phrase|collagen_cxl_phrase|CXL_abbrev|riboflavin_uv,,,,
corpus,22159012,2012,Investigative ophthalmology & visual science,Brillouin optical microscopy for corneal biomechanics.,"PURPOSE: The mechanical properties of corneal tissue are linked to prevalent ocular diseases and therapeutic procedures. Brillouin microscopy is a novel optical technology that enables three-dimensional mechanical imaging. In this study, the feasibility of this noncontact technique was tested for in",collagen_cxl_phrase,,,,
corpus,23385796,2013,Investigative ophthalmology & visual science,Reduction of stromal swelling pressure after UVA-riboflavin cross-linking.,"PURPOSE: We evaluated whether UVA-riboflavin collagen cross-linking (CXL) reduces stromal swelling pressure (SP) in porcine and human corneas ex vivo. METHODS: Porcine corneas (N = 35) were divided into five groups: Full-thickness buttons, riboflavin-treated buttons, CXL-treated buttons, riboflavin-",collagen_cxl_phrase|CXL_abbrev|riboflavin_uv,,,,
corpus,33727638,2021,Scientific reports,Clinical and genomic features of Corynebacterium macginleyi-associated infectious keratitis.,Infectious keratitis is a potentially sight threatening ophthalmological emergency. Contact lens wear is a common risk factor. Diagnostic advances such as MALDI-TOF MS provides new insights into the spectrum of corneal pathogens and on microbes previously considered as commensals. Corynebacterium ma,corneal_cxl_phrase,,,,
corpus,29203068,2017,Ophthalmology,Prospective Randomized Trial of Corneal Cross-linking Riboflavin Dosing Frequencies for Treatment of Keratoconus and Corneal Ectasia.,"PURPOSE: To investigate whether the riboflavin dosing frequency affects corneal cross-linking efficacy or safety, given that isotonic riboflavin solution is viscous and each installation coats the corneal surface with a film that absorbs some of the incident ultraviolet A light. DESIGN: Prospective,",corneal_cxl_phrase|riboflavin_uv,,,,
corpus,34743098,2022,Cornea,Transepithelial Diluted Alcohol and Iontophoresis-Assisted Corneal Crosslinking for Progressive Keratoconus in Adults: 4-Year Clinical Results.,PURPOSE: The aim of this study was to compare the 4-year clinical outcomes of transepithelial diluted alcohol and iontophoresis-assisted corneal crosslinking (DAI-CXL) and standard corneal crosslinking (S-CXL) in adults with progressive keratoconus. METHODS: This retrospective study included 36 eyes,corneal_cxl_phrase|CXL_abbrev,,,,
corpus,36574086,2023,International ophthalmology,Correction: Choroidal thickness assessment in keratoconus patients treated with cross-linking compared to healthy population.,,bare_crosslink+disease,,,,
corpus,28590790,2017,Journal of ocular pharmacology and therapeutics : the official journal of the Association for Ocular Pharmacology and Therapeutics,The Effect of Ascorbic Acid (Vitamin C) on Transepithelial Corneal Cross-Linking in Rabbits.,"PURPOSE: To evaluate the effects of ascorbic acid (vitamin C), the main antioxidant agent in the cornea on transepithelial corneal cross-linking (CXL) where the main mechanism is oxidation. METHODS: Twenty eyes of 20 rabbits were divided into 3 groups: Group 1 (7 eyes) had transepithelial corneal CX",corneal_cxl_phrase|CXL_abbrev,,,,
corpus,39602353,2025,Journal of cataract and refractive surgery,Biomechanical corneal effects of LASIK Xtra compared with conventional FS-LASIK in high myopic eyes.,"PURPOSE: To investigate the in vivo corneal biomechanical response to FS-LASIK combined with accelerated corneal crosslinking (LASIK Xtra) compared with conventional FS-LASIK (convLASIK) in highly myopic eyes. SETTING: Department of Ophthalmology, Goethe-University, Frankfurt am Main, Germany. DESIG",corneal_cxl_phrase,,,,
corpus,27492105,2016,Journal of cataract and refractive surgery,Natural history of corneal haze after corneal collagen crosslinking in keratoconus using Scheimpflug analysis.,"PURPOSE: To analyze corneal haze after corneal collagen crosslinking (CXL) for progressive keratoconus using Scheimpflug densitometry. SETTING: Auckland District Health Board, Auckland, New Zealand. DESIGN: Prospective randomized controlled study. METHODS: Both eyes of all patients were examined pre",corneal_cxl_phrase|collagen_cxl_phrase|CXL_abbrev,,,,
corpus,31706520,2019,Journal of cataract and refractive surgery,Corneal crosslinking: Current protocols and clinical approach.,"Members of the ASCRS Cornea Clinical Committee performed a review of the current literature on the corneal crosslinking (CXL) procedure for treating corneal ectasia. The members explored the data on the techniques currently in use and under investigation, including their advantages, safety profiles,",corneal_cxl_phrase|CXL_abbrev|epi_on_off|riboflavin_uv,,,,
corpus,34117699,2021,Clinical & experimental ophthalmology,"Five-year results of a prospective, randomised, contralateral eye trial of corneal crosslinking for keratoconus.","BACKGROUND: Few studies have evaluated corneal crosslinking (CXL) in a prospective, randomised fashion. This study aimed to determine the efficacy and safety of CXL to reduce the progression of keratoconus. METHODS: Prospective, unmasked, randomised, contralateral eye controlled trial at a tertiary ",corneal_cxl_phrase|CXL_abbrev,,,,
corpus,26856432,2016,"Journal of refractive surgery (Thorofare, N.J. : 1995)","Erratum for ""Evaluation of Uva Cytotoxicity for Human Endothelium in an Ex Vivo Corneal Cross-Linking Experimental Setting"".",,corneal_cxl_phrase,,,,
corpus,28242885,2016,Nepalese journal of ophthalmology : a biannual peer-reviewed academic journal of the Nepal Ophthalmic Society : NEPJOPH,Collagen cross-linking in recalcitrant corneal ulcers: A case series.,INTRODUCTION: Corneal ulcer is a leading cause of blindness worldwide. Many of these patients don't respond to conventional treatment with topical agents. Collagen cross-linking (CXL) has been suggested to avoid complications requiring emergency keratoplasty. SUBJECTS AND METHODS: Six eyes with pres,collagen_cxl_phrase|CXL_abbrev|riboflavin_uv,,,,
corpus,26114820,2015,Cornea,Treatment of Refractory Keratitis After a Boston Type I Keratoprosthesis With Corneal Collagen Cross-Linking.,PURPOSE: To report a patient with refractory keratitis after a Boston type I keratoprosthesis treated with corneal collagen cross-linking (CXL). METHODS: Case report. RESULTS: A 29-year-old man with a history of chemical burn in the left eye underwent keratoprosthesis implantation. He developed infe,corneal_cxl_phrase|collagen_cxl_phrase|CXL_abbrev,,,,
corpus,23311742,2013,"Journal of refractive surgery (Thorofare, N.J. : 1995)",Topography-guided transepithelial PRK after intracorneal ring segments implantation and corneal collagen CXL in a three-step procedure for keratoconus.,"PURPOSE: To present the results of topography-guided transepithelial photorefractive keratectomy (PRK) after intracorneal ring segments implantation followed by corneal collagen cross-linking (CXL) for keratoconus. METHODS: In this prospective case series, 10 patients (16 eyes) with progressive kera",corneal_cxl_phrase|collagen_cxl_phrase|CXL_abbrev,,,,
corpus,20136421,2010,Current eye research,Corneal distribution of riboflavin prior to collagen cross-linking.,"PURPOSE: To evaluate the distribution of riboflavin in the corneal stroma, under varying concentrations and application time. MATERIALS AND METHODS: In 54 porcine eyes, the central corneal epithelium was removed, and 0.035, 0.1, or 0.2% riboflavin-5-phosphate (in 20% Dextran T-500) was applied for 1",collagen_cxl_phrase,,,,
corpus,25014154,2014,Cornea,Isotonic riboflavin and HPMC with accelerated cross-linking protocol.,"PURPOSE: The aim of this study was to monitor corneal pachymetry changes during accelerated collagen cross-linking (CXL) for keratoconus while using isotonic riboflavin with HPMC. METHODS: All consecutive patients who underwent CXL for progressive keratoconus, using accelerated protocol and isotonic",collagen_cxl_phrase|CXL_abbrev|riboflavin_uv,,,,
corpus,34698306,2021,"Vision (Basel, Switzerland)",Ferrara Rings for Visual Rehabilitation in Eyes with Keratoconus and Previous Cross-Linking Using the Ferrara Ring Nomogram.,"PURPOSE: To report the visual, refractive and tomographic outcomes following the implantation of intrastromal corneal ring segments (ICRS) (Ferrara rings, AJL Ophthalmics, Miñano, Spain) in eyes with a history of keratoconus and corneal cross-linking using the Ferrara ring nomogram. METHODS: Retrosp",corneal_cxl_phrase|collagen_cxl_phrase,,,,
corpus,25980780,2015,Survey of ophthalmology,Corneal cross-linking.,"Since its inception in the late 1990s, corneal cross-linking has grown from an interesting concept to a primary treatment for corneal ectatic disease worldwide. Using a combination of ultraviolet-A light and a chromophore (vitamin B2, riboflavin), the cornea can be stiffened, usually with a single a",corneal_cxl_phrase|CXL_abbrev|riboflavin_uv,,,,
corpus,27382596,2016,"Eye and vision (London, England)",Consideration of corneal biomechanics in the diagnosis and management of keratoconus: is it important?,"Keratoconus is a bilateral, non-inflammatory, degenerative corneal disease. The occurrence and development of keratoconus is associated with corneal thinning and conical protrusion, which causes irregular astigmatism. With the disruption of the collagen organization, the cornea loses its shape and f",corneal_cxl_phrase|collagen_cxl_phrase,,,,
corpus,23447898,2012,"Journal of refractive surgery (Thorofare, N.J. : 1995)",Topography-guided hyperopic LASIK with and without high irradiance collagen cross-linking: initial comparative clinical findings in a contralateral eye study of 34 consecutive patients.,PURPOSE: To evaluate the safety and efficacy of intrastromally applied collagen cross-linking (CXL) in a comparative contralateral eye study of topography-guided femtosecond laser-assisted hyperopic LASIK. METHODS: Thirty-four consecutive patients with hyperopia and hyperopic astigmatism elected to ,collagen_cxl_phrase|CXL_abbrev|riboflavin_uv,,,,
corpus,33667681,2021,European journal of pharmaceutics and biopharmaceutics : official journal of Arbeitsgemeinschaft fur Pharmazeutische Verfahrenstechnik e.V,Enhancement in corneal permeability of riboflavin using cyclodextrin derivates complexes as a previous step to transepithelial cross-linking.,"Corneal cross-linking has been described as an effective treatment to slow the progression of keratoconus. The standard protocol entails corneal epithelial removal to allow the diffusion of riboflavin into the stroma. Although, de-epithelization can generate risks or complications that transepitheli",corneal_cxl_phrase,,,,
corpus,40586186,2025,Indian journal of ophthalmology,Clinical outcomes of Bowman-Stromal inlay and corneal collagen crosslinking in contralateral eyes in patients with progressive keratoconus.,"PURPOSE: This study aims to report the outcomes of Bowman-Stromal Inlay (BSI) versus corneal collagen crosslinking (CXL) in patients with progressive keratoconus. METHODS: A retrospective, nonrandomized, interventional, comparative study included 16 patients (n = 32 eyes) with bilateral keratoconus.",corneal_cxl_phrase|collagen_cxl_phrase|CXL_abbrev,,,,
corpus,30403263,2018,Arquivos brasileiros de oftalmologia,Effect of accelerated corneal crosslinking on ocular response analyzer waveform-derived parameters in progressive keratoconus.,"PURPOSE: To evaluate the effect of accelerated corneal crosslinking on corneal biomechanics with an ocular response analyzer in patients with progressive keratoconus. METHODS: In this retrospective study, 50 eyes of 45 patients with progressive keratoconus who underwent accelerated corneal crosslink",corneal_cxl_phrase,,,,
corpus,29215396,2018,Cornea,Outcomes of Corneal Cross-Linking Correlate With Cone-Specific Lysyl Oxidase Expression in Patients With Keratoconus.,"PURPOSE: To evaluate the correlation of visual and keratometry outcomes after corneal cross-linking (CXL) in patients with keratoconus with cone epithelium-specific gene expression levels. METHODS: Corneal epithelium was obtained from 35 eyes that underwent accelerated CXL (KXLII, 9 mW/cm for 10 min",corneal_cxl_phrase|CXL_abbrev,,,,
corpus,18520510,2008,Cornea,Ultraviolet A/riboflavin corneal cross-linking for infectious keratitis associated with corneal melts.,PURPOSE: To evaluate the efficacy of ultraviolet-corneal cross-linking (CXL) for treating infectious melting keratitis. METHODS: Five patients with infectious keratitis associated with corneal melting were treated with CXL at the outpatient departments of the Institut für Refraktive und Ophthalmo-Ch,corneal_cxl_phrase|CXL_abbrev|riboflavin_uv,,,,
corpus,20128533,2010,"Journal of refractive surgery (Thorofare, N.J. : 1995)",Corneal collagen cross-linking with riboflavin and UVA irradiation in pellucid marginal degeneration.,PURPOSE: To report the results of corneal collagen cross-linking (CXL) with riboflavin and ultraviolet A irradiation in a patient affected by pellucid marginal degeneration (PMD). METHODS: A 43-year-old man with bilateral PMD underwent CXL in the left eye. The treatment was performed in standard fas,corneal_cxl_phrase|collagen_cxl_phrase|CXL_abbrev|riboflavin_uv,,,,
corpus,19772262,2009,"Journal of refractive surgery (Thorofare, N.J. : 1995)",Effect of epithelial retention and removal on riboflavin absorption in porcine corneas.,PURPOSE: To compare stromal riboflavin absorption after 20% alcohol application and partial or complete epithelial removal by analyzing light transmission properties of porcine corneas after riboflavin/ultraviolet A (UVA) corneal collagen cross-linking. METHODS: Riboflavin 0.13% eye drops were appli,corneal_cxl_phrase|collagen_cxl_phrase|riboflavin_uv,,,,
corpus,24713424,2014,"Daru : journal of Faculty of Pharmacy, Tehran University of Medical Sciences",Comparison of clinical results of two pharmaceutical products of riboflavin in corneal collagen cross-linking for keratoconus.,"BACKGROUND: To compare the 6-month results of two formulations of Riboflavin provided by Sina Darou, Iran, and Uznach, Switzerland, in corneal collagen cross-linking (CXL) for keratoconus patients. FINDINGS: Considering the results of the previous study about the similarity of the formulations and t",corneal_cxl_phrase|collagen_cxl_phrase|CXL_abbrev,,,,
corpus,27096139,2016,"Eye and vision (London, England)",PACK-CXL: Corneal cross-linking in infectious keratitis.,"BACKGROUND: Corneal cross-linking (CXL) using ultraviolet light-A (UV-A) and riboflavin is a technique developed in the 1990's to treat corneal ectatic disorders such as keratoconus. It soon became the new gold standard in multiple countries around the world to halt the progression of this disorder,",corneal_cxl_phrase|collagen_cxl_phrase|CXL_abbrev|riboflavin_uv|photoactivated_chromophore,,,,
corpus,25708282,2015,International ophthalmology,"Collagen cross-linking in keratoconus in Asian eyes: visual, refractive and confocal microscopy outcomes in a prospective randomized controlled trial.",To evaluate the safety and efficacy of collagen cross-linking (CXL) in the treatment of keratoconus. A prospective randomized sham-controlled clinical trial was undertaken and 43 eyes with moderate to severe keratoconus were randomized into two groups that is the treatment (n = 23) and the sham (n =,collagen_cxl_phrase|CXL_abbrev|riboflavin_uv,,,,
corpus,26693657,2015,[Zhonghua yan ke za zhi] Chinese journal of ophthalmology,[The progress of UVA-riboflavin collagen crosslinking of the cornea].,"Infectious keratitis is a serious eye disease that may cause blindness. Currently, microbial culture remains the gold standard for diagnosis of many ocular infections, but the technique is limited by low sensitivity and time consuming. Developing rapid and sensitive early diagnostic methods for infe",collagen_cxl_phrase|riboflavin_uv,,,,
corpus,34388074,2021,"Journal of refractive surgery (Thorofare, N.J. : 1995)",Reply: Corneal Cross-linking at the Slit Lamp: Concern About Risk of Corneal Ulcer.,,corneal_cxl_phrase,,,,
corpus,19169512,2008,Arquivos brasileiros de oftalmologia,[Corneal Cross-linking for the treatment of keratoconus: preliminary results].,PURPOSE: To present early visual and keratometric results for corneal cross-linking with riboflavin and UV irradiation in patients with progressive keratoconus. METHODS: Twenty-five eyes of twenty patients (15 males and 5 females) with a progressive keratoconus in the previous 6 months were followed,corneal_cxl_phrase|riboflavin_uv,,,,
corpus,34195474,2021,American journal of ophthalmology case reports,A case of infectious crystalline keratopathy after corneal cross-linking.,"PURPOSE: To present a case of infectious crystalline keratopathy after corneal cross-linking in a child with delayed wound healing, and its successful management with antibiotic and anti-fungal eye drops. OBSERVATIONS: A 14-year-old male presented for a second opinion with a non-staining crystalline",corneal_cxl_phrase,,,,
corpus,32282356,2020,Cornea,Corneal Haze After Transepithelial Collagen Cross-linking for Keratoconus: A Scheimpflug Densitometry Analysis.,PURPOSE: To quantitate corneal haze and analyze the postoperative time course of corneal haze after transepithelial corneal collagen cross-linking (TECXL) in patients with keratoconus. METHODS: Patients underwent TECXL and were randomized into 2 groups. One group received intraoperative riboflavin 0,corneal_cxl_phrase|collagen_cxl_phrase|CXL_abbrev|riboflavin_uv,,,,
corpus,37653457,2023,"Eye and vision (London, England)",Rates of infectious keratitis and other ocular surface adverse events in corneal cross-linking for keratoconus and corneal ectasias performed in an office-based setting: a retrospective cohort study.,"BACKGROUND: This study aimed to compare the complication rates of epithelium-off corneal cross-linking (epi-off CXL) performed in an office-based setting with those of epi-off CXL performed in an operating room. METHODS: A retrospective cohort study, comprising 501 consecutive epi-off CXL procedures",corneal_cxl_phrase|CXL_abbrev|epi_on_off,,,,
corpus,22981526,2012,Journal francais d'ophtalmologie,[Epidemiological aspects of keratoconus in children].,"PURPOSE: To study the epidemiological aspects of keratoconus in children. METHODS: We conducted a retrospective study of patients with keratoconus diagnosed prior to age 15 or after age 27. Age, gender, reason for consultation, ethnicity, personal and family history, allergic history, eye rubbing, o",corneal_cxl_phrase|collagen_cxl_phrase,,,,
corpus,19907307,2010,Cornea,Diclofenac-induced acute corneal melt after collagen crosslinking for keratoconus.,PURPOSE: We report a case of acute corneal melt with perforation in a patient with keratoconus after collagen crosslinking treatment and the use of topical diclofenac and proparacaine eyedrops. METHODS: The authors present a case report with clinicopathologic correlation. RESULTS: A patient diagnose,corneal_cxl_phrase|collagen_cxl_phrase,,,,
corpus,28872519,2017,Cornea,Changes in Corneal Density After Accelerated Corneal Collagen Cross-linking With Different Irradiation Intensities and Energy Exposures: 1-Year Follow-up.,PURPOSE: To determine and compare the changes in corneal density after 2 different protocols of accelerated corneal collagen cross-linking (A-CXL) in patients with progressive keratoconus. METHODS: Two groups of eyes received A-CXL treatment; 20 eyes received A-CXL using continuous UVA light exposur,corneal_cxl_phrase|collagen_cxl_phrase|CXL_abbrev,,,,
corpus,26925536,2017,Eye & contact lens,Efficacy of Epithelium-Off and Epithelium-On Corneal Collagen Cross-Linking in Pediatric Keratoconus.,OBJECTIVES: To evaluate the efficacy of riboflavin/ultraviolet A epithelium-off (epi-off) and epithelium-on (epi-on) corneal collagen cross-linking (CXL) in progressive pediatric keratoconus. METHODS: Thirty-six eyes of 27 patients aged 18 years or younger (12-18 years) diagnosed with progressive ke,corneal_cxl_phrase|collagen_cxl_phrase|CXL_abbrev|epi_on_off|riboflavin_uv,,,,
corpus,26930843,2015,Eye science,[Nursing Experience of Corneal Collagen Cross-linking in Treating Keratoconus].,PURPOSE: To summarize the nursing experience and clinical efficacy of corneal collagen cross-linking in treating keratoconus. METHODS: Preoperative and postoperative nursing and medical record of 30 patients (31 eyes) undergoing corneal collagen cross-linking were retrospectively analyzed. RESULTS: ,corneal_cxl_phrase|collagen_cxl_phrase,,,,
corpus,34529024,2021,Translational vision science & technology,Long-Term Study of Corneal Stroma and Endothelium on Structure and Cells After Genipin Treatment of Rabbit Corneas.,PURPOSE: To study the long-term safety of genipin treatment using a vacuum device with or without epithelial cells at different crosslinking times. METHODS: Twenty-five healthy New Zealand white rabbits were separated into five treatment groups: 0.25% genipin with epithelial cells for 5 minutes (G1),collagen_cxl_phrase|riboflavin_uv,,,,
corpus,31890719,2019,"Eye and vision (London, England)",Central corneal regularization (CCR): an alternative approach in keratoconus treatment.,BACKGROUND: To evaluate the safety and efficacy of an approach that combines corneal customized transepithelial therapeutic ablation to treat irregular corneal optics and accelerated corneal collagen cross-linking (CXL) to strengthen the corneal tissue and stop the progression of keratoconus. The tr,corneal_cxl_phrase|collagen_cxl_phrase|CXL_abbrev,,,,
corpus,32925642,2020,Journal of cataract and refractive surgery,Comparison of 2 protocols for accelerated corneal crosslinking in pediatric keratoconus.,,corneal_cxl_phrase,,,,
corpus,34506235,2021,"Journal of refractive surgery (Thorofare, N.J. : 1995)",Biomechanical Response After Corneal Cross-linking With Riboflavin Dissolved in Dextran Solution Versus Hydroxypropyl Methylcellulose.,PURPOSE: To evaluate corneal stiffening in porcine eyes induced by corneal cross-linking (CXL) using riboflavin dissolved in either aqueous dextran or hydroxypropyl methylcellulose (HPMC) solution. METHODS: Fifty-one porcine corneas were divided into three groups of 17 each. After deepithelializatio,corneal_cxl_phrase|CXL_abbrev,,,,
added,35572401,2021,Journal of advanced research,Effect of corneal stromal lenticule customization on neurite distribution and excitatory property.,"INTRODUCTION: Refractive stromal lenticules from Small Incision Lenticule Extraction (SMILE), though usually discarded, hold a potential for various ophthalmic applications, including refractive correction, stromal volume expansion, and biomechanical strengthening of the cornea. OBJECTIVES: To inves",CXL_abbrev|riboflavin_uv|bare_crosslink+disease,,,,
added,37271309,2023,Experimental eye research,"The impact of UV cross-linking on corneal stromal cell migration, differentiation and patterning.","Previous studies have demonstrated that UV cross-linking (CXL) increases stromal stiffness and produces alterations in extracellular matrix (ECM) microstructure. In order to investigate how CXL impacts both keratocyte differentiation and patterning within the stroma, and fibroblast migration and myo",corneal_cxl_phrase|CXL_abbrev,,,,
added,37208674,2023,BMC ophthalmology,Efficacy of customized corneal crosslinking versus standard corneal crosslinking in patients with progressive keratoconus (C-CROSS study): study protocol for a randomized controlled trial.,"BACKGROUND: Keratoconus is a degenerative disorder of the cornea leading to a protrusion and thinning with loss of visual acuity. The only treatment to halt the progression is corneal crosslinking (CXL), which uses riboflavin and UV-A light to stiffen the cornea. Recent ultra-structural examinations",corneal_cxl_phrase|CXL_abbrev|riboflavin_uv,,,,
added,19411973,2009,Cornea,Polymicrobial keratitis after a collagen cross-linking procedure with postoperative use of a contact lens: a case report.,"PURPOSE: : To report a case of polymicrobial keratitis caused by Streptococcus salivarius, Streptococcus oralis, and coagulase-negative Staphylococcus sp. in a patient who underwent collagen cross-linking for keratoconus. METHOD: : Case report. RESULT: : A 32-year-old male presented with a 1-day his",collagen_cxl_phrase|riboflavin_uv,,,,
added,21464703,2011,Cornea,Keratopathy after cross-linking for keratoconus.,"PURPOSE: To report 2 cases of keratopathy after uneventful cross-linking procedures for grade 3 keratoconus. METHODS: Two patients (21 and 11 years old) with grade 3 keratoconus underwent uneventful cross-linking in 1 eye. In both patients, multiple peripheral stromal precipitates, which extended ce",bare_crosslink+disease,,,,
added,33548255,2021,Experimental eye research,Compaction of very thin corneas from ultraviolet A riboflavin-vitamin E transepithelial cross-linking.,The purpose of the study was to determine the decrease in pachymetry of very thin corneas with advanced keratoconus due to corneal compaction from the ultraviolet-A (UV-A) irradiation phase of transepithelial (epi-on) cross-linking. Twenty removed corneal buttons were obtained from patients who unde,CXL_abbrev|epi_on_off|riboflavin_uv|bare_crosslink+disease,,,,
added,33466126,2021,Medicine,Comparison of safety and efficiency of corneal topography-guided photorefractive keratectomy and combined with crosslinking in myopic correction: An 18-month follow-up.,To compare the safety and efficiency of simple corneal topography-guided (T-CAT) photorefractive keratectomy (PRK) and T-CAT PRK combined with crosslinking (CXL) to correct myopia with borderline suspicious tomography.Eyes with suspicious tomography (not classified as forme fruste keratoconus) under,CXL_abbrev|bare_crosslink+disease,,,,
added,37335854,2023,Cornea,Characterization of the Immediate and Delayed Biomechanical Response to UV-A Crosslinking of Human Corneas.,"PURPOSE: Keratoconus leads to visual deterioration due to irregular astigmatism and corneal thinning. Riboflavin-based corneal UV-A crosslinking (CXL) induces novel intramolecular and intermolecular links resulting in corneal tissue stiffening, thereby halting disease progression. The purpose of thi",CXL_abbrev|riboflavin_uv|bare_crosslink+disease,,,,
added,40088395,2025,Ophthalmology and therapy,Varenicline Nasal Spray for the Treatment of Dry Eye Disease Following Corneal Collagen Crosslinking.,INTRODUCTION: To evaluate the safety and effectiveness of a varenicline solution nasal spray 0.03 mg (VNS) in reducing signs and symptoms of dry eye disease following corneal collagen cross-linking (CXL). METHODS: Subjects undergoing CXL were randomized to VNS (study) or vehicle (control) twice dail,corneal_cxl_phrase|collagen_cxl_phrase|CXL_abbrev,,,,
added,33514906,2021,"Eye (London, England)",Central versus paracentral cone location and outcomes of accelerated cross-linking in keratoconus patients.,"PURPOSE: To compare outcomes 1 year after accelerated cross-linking (CXL) between keratoconus eyes with central cones to those with paracentral cones. METHODS: In this post hoc analysis of data from a prospective multicentre study, consecutive progressive keratoconus eyes treated with accelerated CX",CXL_abbrev|bare_crosslink+disease,,,,
added,34176917,2021,Cornea,"Cool Cross-Linking: Riboflavin at 4°C for Pain Management After Cross-Linking for Keratoconus Patients, a Randomized Clinical Trial.",,bare_crosslink+disease,,,,
added,34328498,2021,Translational vision science & technology,Biomechanics of Ophthalmic Crosslinking.,"Crosslinking involves the formation of bonds between polymer chains, such as proteins. In biological tissues, these bonds tend to stiffen the tissue, making it more resistant to mechanical degradation and deformation. In ophthalmology, the crosslinking phenomenon is being increasingly harnessed and ",bare_crosslink+disease,,,,
added,32443319,2020,Medicine,Evaluation and ultrastructural changes of amniotic membrane fragility after UVA/riboflavin cross-linking and its effects on biodegradation.,This study aims to evaluate the changes of fragility and ultrastructure of amniotic membrane after cross-linking by UVA/riboflavin.Forty-nine fresh amniotic membranes were randomly divided into 3 groups. Eighteen were in group A (CX group) and immersed in 0.1% riboflavin solution for 10 min for UVA/,riboflavin_uv|bare_crosslink+disease,,,,
added,39681236,2024,Experimental eye research,Inhibition of matrix metalloproteases by a chemical cross-linker to halt the corneal degradation in keratoconus.,"The need for better and simpler alternative crosslinking strategies to treat keratoconus (KC) is becoming essential as there is only a single approved way to treat it. Recently, conventional UV-A Riboflavin crosslinking is proven to have some disadvantages such as causing damage to the corneal endot",CXL_abbrev|riboflavin_uv|bare_crosslink+disease,,,,
added,23623018,2012,Archivos de la Sociedad Espanola de Oftalmologia,Early confocal microscopy findings after cross-linking treatment.,OBJECTIVE: To determine the effects of in vivo cross-linking treatment of the cornea. METHODS: Eighteen eyes of eighteen keratoconus patients underwent cross-linking treatment using a 0.1% riboflavin solution and ultraviolet A radiation at 370 nm at 3 mW/cm² for 30 minutes. In vivo confocal microsco,riboflavin_uv|bare_crosslink+disease,,,,
added,28341606,2017,American journal of ophthalmology,Safety and Efficacy of Sequential Intracorneal Ring Segment Implantation and Cross-linking in Pediatric Keratoconus.,PURPOSE: To evaluate the safety and visual outcome of intracorneal ring segment (ICRS) implantation followed by cross-linking in pediatric keratoconus patients. DESIGN: Retrospective interventional case series. METHODS: This retrospective study included pediatric patients (aged ≤14 years) with kerat,CXL_abbrev|bare_crosslink+disease,,,,
added,26221538,2015,Journal of ophthalmology,Clinical Outcomes of Small Incision Lenticule Extraction with Accelerated Cross-Linking (ReLEx SMILE Xtra) in Patients with Thin Corneas and Borderline Topography.,"Purpose. To study the safety and clinical outcomes of ReLEx SMILE with accelerated cross-linking in individuals with thinner corneas, borderline topography, and higher refractive errors. Methods. Eligible patients first underwent SMILE procedure for correction of myopic refractive error. Following t",riboflavin_uv|bare_crosslink+disease,,,,
added,28709990,2017,International journal of antimicrobial agents,In-vitro development of an effective treatment for Acanthamoeba keratitis.,"The aim of this study was to develop an in-vitro topical treatment for Acanthamoeba keratitis (AK) effective against cysts and trophozoites. Qualitative assays were performed with voriconazole, chlorhexidine, propamidine, cellulase, tobramycin, ciprofloxacin and paromomycin as monotherapy and variou",riboflavin_uv,,,,
added,32779468,2020,Vestnik oftalmologii,[Epidemiology and treatment of fungal keratitis].,"Infectious keratitis in most cases is caused by bacterial, viral or fungal agents, but their structure is changing. Some researchers have noted a substantial increase in fungal corneal lesions in recent decades, but important local etiological therapy remains unavailable in developing countries. Whi",CXL_abbrev|bare_crosslink+disease,,,,
added,32556637,2020,Graefe's archive for clinical and experimental ophthalmology = Albrecht von Graefes Archiv fur klinische und experimentelle Ophthalmologie,Comparison of waveform-derived corneal stiffness and stress-strain extensometry-derived corneal stiffness using different cross-linking irradiances: an experimental study with air-puff applanation of ,PURPOSE: To assess corneal stiffening of standard (S-CXL) and accelerated (A-CXL) cross-linking protocols by dynamic corneal response parameters and corneal bending stiffness (Kc[mean/linear]) derived from Corvis (CVS) Scheimpflug-based tonometry. These investigations were validated by corneal tensi,CXL_abbrev|bare_crosslink+disease,,,,
added,36439563,2022,Cureus,Outcomes of Epi-On Collagen Cross-Linkage Procedure Assessed in Progressive Keratoconus Patients.,"INTRODUCTION: Keratoconus is a corneal ectasia that causes astigmatism and reduced vision. Conventional treatment to stop the progression of ectasia involves debridement of corneal epithelium, followed by ultraviolet light and riboflavin drops to reinforce the collagen covalent bonds, called collage",collagen_cxl_phrase|CXL_abbrev|epi_on_off|riboflavin_uv,,,,
added,19853404,2009,Biomedicine & pharmacotherapy = Biomedecine & pharmacotherapie,"Keratoconus, cross-link-induction, comparison between fitting exponential function and a fitting equation obtained by a mathematical model.","With reference to experimental data in the literature, we present a model consisting of two elastic elements, conceived to simulate resistance to stretching, at constant velocity of elongation, of corneal tissue affected by keratoconus, treated with riboflavin and ultraviolet irradiation to induce c",riboflavin_uv|bare_crosslink+disease,,,,
added,39828103,2025,"Methods (San Diego, Calif.)",Xenographic lenticule implantation followed by riboflavin and UV treatment: A promising alternative for corneal ectasias management.,"The cornea is the primary refracting surface of the eye, requiring precise curvature to ensure optimal vision. Any distortion in its shape may result in significant visual impairment. Corneal ectasias, such as keratoconus (KC), is characterized by gradual thinning and protrusion of the thinned area,",riboflavin_uv|bare_crosslink+disease,,,,
added,27292531,2016,American journal of ophthalmology,Photoactivated Chromophore for Moderate to Severe Infectious Keratitis as an Adjunct Therapy: A Randomized Controlled Trial.,,photoactivated_chromophore,,,,
added,27463630,2016,Arquivos brasileiros de oftalmologia,The effects of riboflavin and ultraviolet light on keratocytes cultured in vitro.,PURPOSE: To culture quiescent human keratocytes and evaluate the effects of ultraviolet light and riboflavin on human corneal keratocytes in vitro. METHODS: Keratocytes were obtained from remaining corneoscleral ring donor corneas previously used in corneal transplant surgeries and cultured in DMEM/,riboflavin_uv|bare_crosslink+disease,,,,
added,20335618,2010,Investigative ophthalmology & visual science,In vitro efficacy of antifungal treatment using riboflavin/UV-A (365 nm) combination and amphotericin B.,"PURPOSE: To demonstrate the antimicrobial properties of riboflavin/UV-A (365 nm) against fungal pathogens. METHODS: The antimicrobial properties of riboflavin/UV-A (365 nm), with or without previous treatment with amphotericin B, were tested on three groups of fungi selected from severe cases of ker",riboflavin_uv|bare_crosslink+disease,,,,
added,26483144,2016,Graefe's archive for clinical and experimental ophthalmology = Albrecht von Graefes Archiv fur klinische und experimentelle Ophthalmologie,Crosslinking and corneal cryotherapy in acanthamoeba keratitis -- a histological study.,"PURPOSE: Acanthamoeba keratitis is rare, but difficult to treat. Penetrating keratoplasty is performed in therapy-resistant cases. Nevertheless, subsequent recurrences occur in 40 % of the cases. In addition to triple-topical therapy (polyhexamid, propamidinisoethionat, neomycin), treatment alternat",CXL_abbrev|bare_crosslink+disease,,,,
added,26756018,2015,Iranian Red Crescent medical journal,Full-Ring Intracorneal Implantation in Corneas With Pellucid Marginal Degeneration.,"BACKGROUND: Keratoconus (KCN) is a progressive, non-inflammatory ectacic disorder characterized by bilateral and asymmetrical conical protrusion of the cornea. MyoRing implantation and Collagen Crosslink (CXL) are two separate effective treatments for all stages of keratoconous. This study wants to ",collagen_cxl_phrase|CXL_abbrev,,,,
added,38376862,2024,Translational vision science & technology,In Vivo Evaluation of Corneal Biomechanics Following Cross-Linking Surgeries Using Optical Coherence Elastography in a Rabbit Model of Keratoconus.,PURPOSE: Validation of the feasibility of novel acoustic radiation force optical coherence elastography (ARF-OCE) for the evaluation of biomechanical enhancement of the in vivo model of keratoconus by clinical cross-linking (CXL) surgery. METHODS: Twelve in vivo rabbit corneas were randomly divided ,CXL_abbrev|bare_crosslink+disease,,,,
added,40456396,2025,American journal of ophthalmology,Combined Accelerated Crosslinking With Laser In Situ Keratomileusis (LASIK) for Myopic Patients: A Systematic Review and Meta-Analysis.,"PURPOSE: To compare laser in situ keratomileusis (LASIK) and Simultaneous LASIK and accelerated Crosslinking (LASIK Xtra) for myopia correction. DESIGN: Systematic review and meta-analysis. METHODS: A search of PubMed, EMBASE, Web of Science, the Cochrane Library, and China National Knowledge Intern",bare_crosslink+disease,,,,
added,23022158,2012,American journal of ophthalmology,Photorefractive keratectomy followed by cross-linking versus cross-linking alone for management of progressive keratoconus: two-year follow-up.,"PURPOSE: To compare visual, refractive, topographic, and corneal higher-order aberration outcome at the 2-year follow-up after customized photorefractive keratectomy (PRK) followed by cross-linking (CXL) as a single procedure versus CXL alone in eyes with progressive keratoconus. DESIGN: Prospective",CXL_abbrev|bare_crosslink+disease,,,,
added,31372311,2019,Translational vision science & technology,Quantification of Double Stranded DNA Breaks and Telomere Length as Proxies for Corneal Damage and Replicative Stress in Human Keratoconus Corneas.,"PURPOSE: The pathogenesis of keratoconus (KC) is multifactorial, and associated with oxidative stress and subsequent DNA damage. We investigate differences in DNA damage and replicative stress in patients with KC, and in healthy and diseased controls. METHODS: We obtained 64 corneal buttons from 27 ",CXL_abbrev|bare_crosslink+disease,,,,
added,40015314,2025,Klinische Monatsblatter fur Augenheilkunde,"Outcomes after Implantation of KeraNatural, a Sterile Corneal Allograft Intrastromal Ring Segment (CAIRS), in Eyes with Keratoconus.","PURPOSE: To assess and describe the outcomes of corneal allograft intrastromal ring segment (CAIRS) implantation in eyes with keratoconus. METHODS: In this retrospective analysis, we examined the early postoperative results of CAIRS (KeraNatural) implantation after cutting a corneal tunnel with a fe",CXL_abbrev|bare_crosslink+disease,,,,
added,21162471,2010,"Journal of refractive surgery (Thorofare, N.J. : 1995)",Corneal wound healing after ultraviolet-A/riboflavin collagen cross-linking: a rabbit study.,PURPOSE: To investigate corneal wound healing following ultraviolet-A (UVA)/riboflavin corneal collagen cross-linking (CXL) in rabbit corneas. METHODS: Thirty-six rabbits were enrolled in the study. Animals were divided into three treatment groups and corneas were analyzed at 24 hours and 4 weeks po,corneal_cxl_phrase|collagen_cxl_phrase|CXL_abbrev|riboflavin_uv,,,,
added,21183111,2011,Journal of cataract and refractive surgery,"Adhesion of laser in situ keratomileusis-like flaps in the cornea: Effects of crosslinking, stromal fibroblasts, and cytokine treatment.","PURPOSE: To evaluate 3 approaches, both cellular and acellular, to improve the healing of laser in situ keratomileusis flaps in bovine corneas. SETTING: School of Optometry and Vision Sciences and Cardiff Institute of Tissue Engineering and Repair, Cardiff University, Cardiff, United Kingdom. DESIGN",CXL_abbrev|riboflavin_uv|bare_crosslink+disease,,,,
added,35248392,2022,Archivos de la Sociedad Espanola de Oftalmologia,Are the epi-on and epi-off CXL protocols equivalent in the treatment of keratoconus?,,CXL_abbrev|epi_on_off,,,,
added,34860722,2022,Eye & contact lens,Crosslinking in Microbial Keratitis: Where Are We Today?,,bare_crosslink+disease,,,,
added,32537477,2020,"Eye and vision (London, England)",5-year efficacy of all surface laser ablation with cross-linking (ASLA-XTRA) for the treatment of myopia.,BACKGROUND: The purpose of our study is to examine the long (5-year) efficacy of the all surface laser ablation (ASLA) combined with accelerated cross-linking (CXL) for the treatment of myopia without the use of mitomycin-C (MMC). METHODS: This retrospective study consisted of 202 eyes of 118 myopic,CXL_abbrev|bare_crosslink+disease,,,,
added,28470657,2017,Klinische Monatsblatter fur Augenheilkunde,[Morphologic Corneal Changes after Crosslinking for Keratoconus].,"Keratoconus is a relatively common (1 : 2000) bilateral disease leading to a change in biochemical and biomechanical corneal structure as well as thinning and ectasia. For more than 10 years, crosslinking has been a therapeutic option in cases of progression. Using riboflavin and UVA-radiation, the ",riboflavin_uv|bare_crosslink+disease,,,,
added,35313746,2022,European journal of ophthalmology,Safety of collagen cross linking in advanced keratoconus in a patient with scleroderma.,A 26-year-old female presented to us with complaints of progressive loss of vision in right eye (RE) since past 6 months. Patient was a known case of generalized systemic sclerosis with hypothyroidism for the past 2 years and was under treatment with a rheumatologist Physical features of scleroderma,collagen_cxl_phrase,,,,
added,38357612,2023,"Medical hypothesis, discovery & innovation ophthalmology journal",Outcomes of the Q value-based nomogram in managing pediatric versus adult keratoconus: a prospective interventional study.,"BACKGROUND: Keratoconus (KCN) is an ectatic disorder of the cornea characterized by stromal weakness and apical protrusion of the cornea, and is associated with a gradual and painless reduction in visual acuity. KCN in pediatric patients has certain important characteristics, such as a progressive a",CXL_abbrev,,,,
added,28552439,2017,Archivos de la Sociedad Espanola de Oftalmologia,Sterile infiltrates after cross-linking.,"CASE REPORT: A 20 year-old woman presented with an asymmetric bilateral keratoconus. Cross-linking of the right eye was performed due of its topographic and pachymetric conditions. Three days after the procedure, the patient presented with some corneal infiltrates that where classified as sterile. D",bare_crosslink+disease,,,,
added,40547853,2021,Veterinarni medicina,Efficacy of riboflavin/UV-A corneal phototherapy as stand-alone treatment for ulcerative keratitis in horses.,The purpose of this study was to assess the efficacy of riboflavin/UV-A corneal phototherapy in comparison with topical antimicrobials for the treatment of corneal ulcers in horses. Nineteen horses with a diagnosis of corneal ulceration were randomised to receive either corneal phototherapy (11 hors,corneal_cxl_phrase|collagen_cxl_phrase|riboflavin_uv,,,,
added,24999102,2014,The ocular surface,Epithelium-off photochemical corneal collagen cross-linkage using riboflavin and ultraviolet a for keratoconus and keratectasia: a systematic review and meta-analysis.,"This report presents the results of a systematic review and meta-analyses of studies on epithelium-off photochemical corneal collagen cross-linkage for the management of keratoconus and secondary ectasia. The literature search identified 3,400 records of which 49 were considered for inclusion in the",corneal_cxl_phrase|collagen_cxl_phrase|epi_on_off|riboflavin_uv,,,,
added,23807006,2013,Cornea,"Impact of keratoconus, cross-linking and cross-linking combined with topography-guided photorefractive keratectomy on self-reported quality of life: a 3-year update.",,bare_crosslink+disease,,,,
added,31849445,2019,"Clinical ophthalmology (Auckland, N.Z.)",Visual and Refractive Long-Term Outcomes Following Standard Cross-Linking in Progressive Keratoconus Management.,"PURPOSE: To analyze the effectiveness and stability of the refractive, topographic and visual outcomes of the standard cross-linking (SCXL) in keratoconus (KC) management. PATIENTS AND METHODS: This study was designed as a retrospective non-comparative study that included 28 KC patients (n=49 eyes) ",bare_crosslink+disease,,,,
added,21498616,2011,Investigative ophthalmology & visual science,Combined nonlinear and femtosecond confocal laser-scanning microscopy of rabbit corneas after photochemical cross-linking.,PURPOSE: Photochemical cross-linking of corneal stromal collagen using riboflavin and ultraviolet irradiation is an evolving treatment for keratoconus. The purpose of the present study was to investigate the wound-healing process in rabbit corneas after cross-linking. METHODS: Photochemical cross-li,riboflavin_uv|bare_crosslink+disease,,,,
added,34263132,2021,Therapeutic advances in ophthalmology,Advances in the diagnosis and treatment of keratoconus.,"Keratoconus had traditionally been considered a rare disease at a time when the imaging technology was inept in detecting subtle manifestations, resulting in more severe disease at presentation. The increased demand for refractive surgery in recent years also made it essential to more effectively de",corneal_cxl_phrase,,,,
added,37277716,2023,BMC ophthalmology,Increased METTL3 expression and m6A RNA methylation may contribute to the development of dry eye in primary Sjögren's syndrome.,"BACKGROUND: Primary Sjögren's syndrome (pSS) is a chronic autoimmune disorder defined by xerostomia and keratoconjunctivitis sicca, and its etiology remains unknown. N6-methyladenosine (m6A) is the predominant posttranscriptional modification in eukaryotic mRNAs and is dynamically regulated by m6A r",none_in_text,,,,
added,31755807,2019,Journal of ocular pharmacology and therapeutics : the official journal of the Association for Ocular Pharmacology and Therapeutics,Ophthalmic Drug Delivery Using Iontophoresis: Recent Clinical Applications.,Background: Iontophoresis is a noninvasive delivery system designed to overcome barriers to ocular penetration of topical ophthalmic medications by employing a low-amplitude electrical current to promote the migration of a charged drug substance across biological membranes. Trans-scleral iontophores,corneal_cxl_phrase,,,,
added,24257538,2013,Redox report : communications in free radical research,UVA irradiation of riboflavin generates oxygen-dependent hydroxyl radicals.,"OBJECTIVES/METHODS: The aim of this study was to verify the formation of hydroxyl radicals (·OH) after ultraviolet A (UVA) irradiation of riboflavin (RF) by spin trapping with 5,5-dimethyl-1-pyrroline-N-oxide (DMPO), and electron spin resonance spectroscopy. RESULTS: We found that ·OH were generated",riboflavin_uv|bare_crosslink+disease,,,,
added,22553753,2012,International journal of ophthalmology,Study on the optical property and biocompatibility of a tissue engineering cornea.,AIM: To study the optical property and biocompatibility of a tissue engineering cornea. METHODS: : The cross-linker of N-(3-Dimethylaminoropyl)-N'ethylcarbodiimide hydrochloride (EDC)/N-Hydroxysuccinimide (NHS) was mixed with Type I collagen at 10% (weight/volume). The final solution was molded to t,collagen_cxl_phrase,,,,
added,31872325,2019,Lasers in medical science,Rose bengal photodynamic antimicrobial therapy to inhibit Pseudomonas aeruginosa keratitis isolates.,To evaluate the in vitro efficacy of rose bengal and riboflavin photodynamic antimicrobial therapy for inhibition the growth of four Pseudomonas aeruginosa (P. aeruginosa) isolates. Four different clinical P. aeruginosa isolates were collected from patients with confirmed keratitis. Each strain was ,riboflavin_uv,,,,
added,25063407,2014,Journal of ultrasound in medicine : official journal of the American Institute of Ultrasound in Medicine,Acoustic radiation force for noninvasive evaluation of corneal biomechanical changes induced by cross-linking therapy.,"OBJECTIVES: To noninvasively measure changes in corneal biomechanical properties induced by ultraviolet-activated riboflavin cross-linking therapy using acoustic radiation force (ARF). METHODS: Cross-linking was performed on the right eyes of 6 rabbits, with the left eyes serving as controls. Acoust",riboflavin_uv|bare_crosslink+disease,,,,
added,29778118,2018,Journal of cataract and refractive surgery,Erratum.,"METHODS: …The systems were the Paracel/Vibex Xtra, comprising riboflavin 0.25% solution containing TRIS and ethylenediaminetetraacetic acid and an isotonic solution of riboflavin 0.25%, (Group 1) and the CXLO system (Group 2)…. RESULTS: The mean riboflavin fluorescence intensity grades in Group 2 (4",CXL_abbrev,,,,
added,37074409,2023,Graefe's archive for clinical and experimental ophthalmology = Albrecht von Graefes Archiv fur klinische und experimentelle Ophthalmologie,Corneal stromal regeneration-keratoconus cell therapy: a review.,BACKGROUND: Keratoconus is a corneal ectatic disease caused by stromal thinning leading to astigmatism and progressive loss of vision. Loss of the keratocytes and excessive degradation of collagen fibres by matrix metalloproteinases are the molecular signatures of the disease. Despite several limita,corneal_cxl_phrase|collagen_cxl_phrase,,,,
added,24205928,2013,Ocular immunology and inflammation,Increased reaction after cross-linking in keratoconus melanoderm patients.,,bare_crosslink+disease,,,,
added,31019909,2019,Frontiers in bioengineering and biotechnology,"A Review of Structural and Biomechanical Changes in the Cornea in Aging, Disease, and Photochemical Crosslinking.","The study of corneal biomechanics is motivated by the tight relationship between biomechanical properties and visual function within the ocular system. For instance, variation in collagen fibril alignment and non-enzymatic crosslinks rank high among structural factors which give rise to the cornea's",CXL_abbrev|bare_crosslink+disease,,,,
added,32896387,2020,Ophthalmology,Re: Prajna et al.: Cross-Linking-Assisted Infection Reduction: a randomized clinical trial evaluating the effect of adjuvant cross-linking on outcomes in fungal keratitis (Ophthalmology. 2020;127:159-,,bare_crosslink+disease,,,,
added,35692966,2022,Journal of ophthalmology,Crosslinking vs. Observation in Fellow Eyes of Keratoconus Patients.,PURPOSE: To evaluate whether unilateral crosslinking (CXL) and conservative follow-up of the fellow eye is an acceptable management strategy in patients with keratoconus (KC). METHODS: Seventy-nine fellow eyes of KC subjects that initially underwent unilateral CXL were included. Thirty fellow eyes u,CXL_abbrev|bare_crosslink+disease,,,,
added,32983439,2020,Annals of medicine and surgery (2012),Corneal parameters 18 Months following collagen cross-linkage treatment (CXL) for keratoconus in western Saudi Arabia: A prospective cohort study.,"INTRODUCTION: keratoconus is a common disease in the general population, with prevalence ranging up to 200 per 100 000 with a reported increase in Saudi Arabia. Collagen Cross-Linkage is now an established treatment in isolation and in conjunction with other modalities for managing keratoconus. Our ",collagen_cxl_phrase|CXL_abbrev,,,,
added,40023354,2025,American journal of ophthalmology,Efficacy of Customized Photorefractive Keratectomy With Cross-Linking Versus Cross-Linking Alone in Progressive Keratoconus: A Systematic Review and Meta-Analysis.,TOPIC: This review evaluates the effectiveness and safety of combining cPRK with CXL versus CXL alone in improving visual outcomes for patients with progressive keratoconus. DESIGN: Systematic review and meta-analysis. CLINICAL RELEVANCE: Keratoconus leads to vision loss and affects quality of life.,CXL_abbrev|bare_crosslink+disease,,,,
added,41411984,2025,Journal francais d'ophtalmologie,Risk factors for keratoconus progression and changes in corneal swept source OCT parameters.,"PURPOSE: Identifying progression of keratoconus (KC) at an early stage remains a significant but important challenge, because it allows the treatment of patients before the disease affects their vision. This study aimed to analyze the risk factors for KC progression and the changes in CASIA-2 swept ",CXL_abbrev|bare_crosslink+disease,,,,
added,32751471,2020,International journal of molecular sciences,Corneal UV Protective Effects of a Topical Antioxidant Formulation: A Pilot Study on In Vivo Rabbits.,This study aimed to evaluate the protective effect of a topical antioxidant and ultraviolet (UV) shielding action formulation containing riboflavin and D-α-tocopherol polyethylene glycol succinate (TPGS) vitamin E against corneal UV-induced damage in vivo rabbit eyes. In vivo experiments were perfor,riboflavin_uv,,,,
added,29657977,2018,BMJ open ophthalmology,Expert practice patterns and opinions on corneal cross-linking for infectious keratitis.,OBJECTIVE: To assess the current opinion and practice patterns from cornea experts regarding the benefit of corneal cross-linking (CXL) for infectious keratitis (IK). METHODS AND ANALYSIS: An international survey was distributed to corneal specialists via an internet survey. The survey data collecte,corneal_cxl_phrase|CXL_abbrev,,,,
added,40083774,2025,Bioactive materials,In situ UNIversal Orthogonal Network (UNION) bioink deposition for direct delivery of corneal stromal stem cells to corneal wounds.,The scarcity of human donor corneal graft tissue worldwide available for corneal transplantation necessitates the development of alternative therapeutic strategies for treating patients with corneal blindness. Corneal stromal stem cells (CSSCs) have the potential to address this global shortage by a,collagen_cxl_phrase,,,,
added,39140888,2024,European journal of ophthalmology,A bibliometric and citation network analysis of crosslinking.,Purpose: Research on crosslinking has focused mainly on trying to slow the progression of keratoconus. The objective of this bibliometric analysis is to determine the relationships between the different publications and authors. As well as to identify the different areas of research on crosslinking.,collagen_cxl_phrase|riboflavin_uv,,,,
added,28546941,2017,International journal of ophthalmology,Role of corneal collagen fibrils in corneal disorders and related pathological conditions.,"The cornea is a soft tissue located at the front of the eye with the principal function of transmitting and refracting light rays to precisely sense visual information. Corneal shape, refraction, and stromal stiffness are to a large part determined by corneal fibrils, the arrangements of which defin",corneal_cxl_phrase,,,,
added,33031809,2020,Ophthalmology,Cross-Linking Assisted Infection Reduction: One-year Follow-up of a Randomized Clinical Trial Evaluating Cross-Linking for Fungal Keratitis.,,bare_crosslink+disease,,,,
added,39803133,2024,Cureus,Experimental Evaluation of Ocular Rigidity and Pressure-Volume Relationship After Ex-Vivo Scleral Cross-Linking With Riboflavin and Ultraviolet A in Porcine Eyes.,PURPOSE: Scleral cross-linking (SXL) with ultraviolet A (UVA) and riboflavin has already been used in laboratory studies for scleral stiffness increase as a potential treatment for progressive myopia and scleral ectasia. This study aims to investigate whether the regional application of scleral cros,riboflavin_uv|bare_crosslink+disease,,,,
added,20091179,2010,Graefe's archive for clinical and experimental ophthalmology = Albrecht von Graefes Archiv fur klinische und experimentelle Ophthalmologie,Bactericidal effect of photo-activated riboflavin using UVA.,,riboflavin_uv,,,,
added,25830534,2015,PloS one,Understanding of the viscoelastic response of the human corneal stroma induced by riboflavin/UV-a cross-linking at the nano level.,"PURPOSE: To investigate the viscoelastic changes of the human cornea induced by riboflavin/UV-A cross-linking using Atomic Force Microscopy (AFM) at the nano level. METHODS: Seven eye bank donor corneas were investigated, after gently removing the epithelium, using a commercial AFM in the force spec",riboflavin_uv|bare_crosslink+disease,,,,
added,32318286,2020,Journal of ophthalmology,"Extrusion of Femtosecond Laser-Implanted Intrastromal Corneal Ring Segments in Keratoconic Eyes: Prevalence, Risk Factors, and Clinical Outcomes.","PURPOSE: To evaluate the prevalence, possible risk factors, and clinical results of femtosecond laser implanted intrastromal corneal ring segment (ICRS) extrusion in keratoconic eyes. Patients and Methods. This is a retrospective observational study evaluating 333 eyes of 269 patients who were subje",CXL_abbrev|bare_crosslink+disease,,,,
added,34711207,2021,BMC veterinary research,Mechanical behaviour of healthy versus alkali-lesioned corneas by a porcine organ culture model.,"BACKGROUND: Cornea is a composite tissue exhibiting nonlinear and time-dependent mechanical properties. Corneal ulcers are one of the main pathologies that affect this tissue, disrupting its structural integrity and leading to impaired functions. In this study, uniaxial tensile and stress-relaxation",riboflavin_uv|bare_crosslink+disease,,,,
added,28855517,2017,Scientific reports,Cross-linked decellularized porcine corneal graft for treating fungal keratitis.,"This study aims to develop a cross-linked decellularized porcine corneal graft (cDPC) as a substitute for lamellar donor corneas and to evaluate the feasibility of using cDPC to treat fungal keratitis. The cDPC was prepared by decellularization, chemical crosslinking and γ-ray irradiation. Transpare",bare_crosslink+disease,,,,
added,23714037,2013,[Zhonghua yan ke za zhi] Chinese journal of ophthalmology,[Advanced research in the safety of UVA-riboflavin cross-linking for strengthening corneal and scleral tissue].,"UVA-riboflavin cross-linking is an effective approach to increase the mechanical and biochemical rigidity of the collagen fiber, which has been used in treating some corneal diseases such as keratoconus, and might become a new treatment modality for strengthening scleral tissue to prevent progressiv",riboflavin_uv|bare_crosslink+disease,,,,
added,18498974,2008,Journal of cataract and refractive surgery,Crosslinking for iatrogenic keratectasia after LASIK and for keratoconus.,,bare_crosslink+disease,,,,
added,21110504,2010,Bulletin de la Societe belge d'ophtalmologie,UVA/riboflavin crosslinking as treatment for corneal melting.,PURPOSE: To demonstrate that UVA/riboflavin crosslinking (CXL) can stop corneal melting in therapy resistant infectious corneal ulceration. METHODS: We will present a case report on a 70-year-old female patient referred for severe infectious ulcerative keratitis caused by Pseudomonas aeruginosa. Aft,CXL_abbrev|riboflavin_uv|bare_crosslink+disease,,,,
added,17900232,2007,Journal of ocular pharmacology and therapeutics : the official journal of the Association for Ocular Pharmacology and Therapeutics,Induction of ultraviolet cataracts in vitro: prevention by pyruvate.,Ultraviolet (UV) radiation is one of the important cataract risk factors. The present studies examined the hypothesis that this effect is due to the UV penetration through the cornea and subsequent induction of a photochemical generation of reactive species of oxygen (ROS) in the aqueous and lens. T,none_in_text,,,,
added,21282989,2011,Cornea,UV-riboflavin cross-linking of the cornea in bullous keratopathy: appraising the rationale.,,bare_crosslink+disease,,,,
added,35187443,2019,Beyoglu eye journal,Alterations in Corneal Biomechanical and Topographic Features After Accelerated Crosslinking: 1-Year Results.,"OBJECTIVES: To determine the biomechanical and topographic alterations within the first year after accelerated crosslinking (CXL) treatment in patients with keratoconus. METHODS: In this prospective study, 52 eyes of 52 patients with progressive keratoconus underwent accelerated CXL were included. A",CXL_abbrev|bare_crosslink+disease,,,,
added,33624461,2021,Journal of biomedical optics,Heartbeat optical coherence elastography: corneal biomechanics in vivo.,SIGNIFICANCE: Mechanical assessment of the cornea can provide important structural and functional information regarding its health. Current clinically available tools are limited in their efficacy at measuring corneal mechanical properties. Elastography allows for the direct estimation of mechanical,CXL_abbrev|bare_crosslink+disease,,,,
added,24386903,2014,Expert opinion on drug delivery,"Fast-dissolving ocular films of riboflavin acetate conjugate for treatment of keratoconus in UVA-CXL procedure: ex vivo permeation, hemolytic toxicity and apoptosis detection.","BACKGROUND: Attempts to facilitate corneal epithelial penetration of riboflavin (Rb) without de-epithelization, so far, include the use of penetration enhancers, to devitalize corneal epithelium in order to disturb tight epithelial interjunctional complexes and zonulae occludentes. Though such appro",CXL_abbrev|riboflavin_uv,,,,
added,27982203,2016,Arquivos brasileiros de oftalmologia,Crosslinking enters public health armamentarium in Brazil.,,bare_crosslink+disease,,,,
added,39435192,2024,Cureus,Harnessing Corneal Stromal Regeneration for Vision Restoration: A Comprehensive Review of the Emerging Treatment Techniques for Keratoconus.,"Keratoconus is a progressive corneal disorder characterized by thinning and conical protrusion, leading to visual impairment that often necessitates advanced treatment strategies. Traditional management options, including corrective lenses, corneal cross-linking (CXL), and surgical interventions suc",corneal_cxl_phrase|CXL_abbrev,,,,
added,33000763,2020,Biofabrication,Ultra-stiff compressed collagen for corneal perforation patch graft realized by in situ photochemical crosslinking.,"Despite the potential of a collagen construct, consisting of a major extracellular matrix component of the native cornea, as a patch graft to treat the corneal perforation, there has still been difficulty in acquiring sufficient mechanical properties for clinical availability. This study developed a",bare_crosslink+disease,,,,
added,19432845,2009,Acta ophthalmologica,Histological changes in human cornea after cross-linking with riboflavin and ultraviolet A.,,riboflavin_uv|bare_crosslink+disease,,,,
added,37859806,2023,Molecular vision,Collagen crosslinking impacts stromal wound healing and haze formation in a rabbit phototherapeutic keratectomy model.,"PURPOSE: The purpose of this study was to evaluate the elastic modulus, keratocyte-fibroblast-myocyte transformation, and haze formation of the corneal stroma following combined phototherapeutic keratectomy (PTK) and epithelium-off UV-A/riboflavin corneal collagen crosslinking (CXL) using an in vivo",corneal_cxl_phrase|collagen_cxl_phrase|CXL_abbrev|epi_on_off|riboflavin_uv,,,,
added,41982825,2025,Journal of current ophthalmology,Mesenchymal Stem Cell-Derived Exosomes for Keratoconus: A Novel Therapeutic Approach.,"Keratoconus (KC) is a progressive corneal ectatic disorder with limited treatment options addressing its underlying pathophysiology. Current therapies, including corneal cross-linking and transplantation, focus on halting progression rather than reversing damage. Mesenchymal stem cell-derived exosom",corneal_cxl_phrase,,,,
added,34424223,2021,Eye & contact lens,Identifying Eyes That Can Benefit From Cross-linking Is Mostly a Question of Clinical Judgment.,,bare_crosslink+disease,,,,
added,32703392,2020,Ophthalmology,Re: Prajna et al.: Cross-Linking-Assisted Infection Reduction (CLAIR): A randomized clinical trial evaluating the effect of adjuvant cross-linking on outcomes in fungal keratitis (Ophthalmology. 2020;,,bare_crosslink+disease,,,,
added,42686044,2025,Cornea,Outcomes of the Sub400 Protocol and Contact Lens-Assisted Corneal Cross-Linking in Advanced Thin-Cornea Keratoconus: Clinical Efficacy and Long-Term Visual Stability.,PURPOSE: To compare the clinical outcomes of the sub400 protocol and contact lens-assisted corneal cross-linking (CACXL) in patients with keratoconus with corneal thickness below 400 μm. METHODS: This retrospective study included 88 eyes of 88 patients with progressive keratoconus and thinnest pachy,corneal_cxl_phrase|CXL_abbrev|mesh_CXL,,,,
added,29673063,2018,American journal of transplantation : official journal of the American Society of Transplantation and the American Society of Transplant Surgeons,UV light crosslinking regresses mature corneal blood and lymphatic vessels and promotes subsequent high-risk corneal transplant survival.,Immunologic graft rejection is the main complication after corneal transplant into pathologically prevascularized so-called high-risk eyes. The aim of this study was to evaluate whether ultraviolet (UV) light crosslinking can regress pathologic corneal blood and lymphatic vessels and thereby improve,corneal_cxl_phrase|riboflavin_uv,,,,
added,37483635,2023,Frontiers in immunology,Sequence variants contributing to dysregulated inflammatory responses across keratoconic cone surface in adolescent patients with keratoconus.,"BACKGROUND: Keratoconus (KTCN) is the most common corneal ectasia resulting in a conical shape of the cornea. Here, genomic variation in the corneal epithelium (CE) across the keratoconic cone surface in patients with KTCN and its relevance in the functioning of the immune system were assessed. METH",CXL_abbrev,,,,
added,35773078,2022,Ophthalmology,Epithelial Demarcation Line after Crosslinking.,,bare_crosslink+disease,,,,
added,26057328,2015,Cornea,Effect of the Regenerative Agent Poly(Carboxymethylglucose Sulfate) on Corneal Wound Healing After Corneal Cross-Linking for Keratoconus.,"PURPOSE: To evaluate the effect of a regenerative agent (RGTA) [Cacicol20-poly(carboxymethyl glucose sulfate); OTR3, Paris, France] on corneal reepithelialization and pain after corneal cross-linking (CXL) for keratoconus. METHODS: In this prospective comparative (contralateral) clinical study, pati",corneal_cxl_phrase|CXL_abbrev,,,,
added,41460917,2025,Eye & contact lens,Evaluation of Optical Coherence Tomography-Angiography Findings in Keratoconus Patients Treated With Accelerated Cross-linking Protocol.,PURPOSE: To examine the impact of an accelerated cross-linking (A-CXL) protocol on retinal microvascularization in the treatment of keratoconus using optical coherence tomography-angiography (OCT-A). METHODS: The trial included 49 eyes receiving A-CXL therapy for keratoconus. Retinal and optic nerve,CXL_abbrev|bare_crosslink+disease,,,,
added,25397786,2014,"Eye (London, England)",Response to O'Brart: 'Is accelerated cross-linking the way forward? Yes or No'.,,bare_crosslink+disease,,,,
added,39342257,2024,Journal of nanobiotechnology,Responsive porous microneedles with riboflavin ocular microinjection capability for facilitating corneal crosslinking.,"Riboflavin-5-phosphate (riboflavin) is the most commonly used photosensitizer in corneal crosslinking (CXL); while its efficient delivery into the stroma through the corneal epithelial barrier is challenging. In this paper, we presented novel responsive porous microneedles with ocular microinjection",corneal_cxl_phrase|CXL_abbrev,,,,
added,29952798,2018,Cornea,Evaluation of the Effectiveness of Cross-Linking Combined With Photorefractive Keratectomy for Treatment of Keratoconus.,PURPOSE: To evaluate the effectiveness and safety of combined epithelium-off cross-linking (CXL) with photorefractive keratectomy (CXL Plus) for correction of the myopic and astigmatic components of keratoconus. METHODS: Seventy-nine eyes of 46 patients who underwent CXL Plus were enrolled in this r,CXL_abbrev|epi_on_off|bare_crosslink+disease,,,,
