literature,records_2001_2025,randomized_controlled_trials,rct_pct,pubmed_query
"Corneal cross-linking (this corpus, after filter)",3223,132,4.1,corpus
Corneal cross-linking (this corpus query),3275,132,4.03,"((""corneal cross-linking""[tiab] OR ""corneal crosslinking""[tiab] OR ""corneal cross linking""[tiab] OR ""corneal collagen cross-linking""[tiab] OR ""corneal collagen crosslinking""[tiab] OR ""corneal collagen cross linking""[tiab] OR ""collagen cross-linking""[tiab] OR ""collagen crosslinking""[tiab] OR ""collagen cross linking""[tiab] OR ""stromal cross-linking""[tiab] OR ""stromal crosslinking""[tiab] OR ""CXL""[tiab] OR ""A-CXL""[tiab] OR ""ACXL""[tiab] OR ""PACK-CXL""[tiab] OR ""KXL""[tiab] OR ""C3-R""[tiab] OR ""epi-off""[tiab] OR ""epithelium-off""[tiab] OR ""photoactivated chromophore""[tiab] OR (""riboflavin""[tiab] AND (""ultraviolet""[tiab] OR ""UVA""[tiab] OR ""UV-A""[tiab])) OR ""Corneal Cross-Linking""[MeSH Terms] OR ((""cross-linking""[ti] OR ""crosslinking""[ti] OR ""cross-linked""[ti] OR ""crosslinked""[ti]) AND (""keratoconus""[tiab] OR ""keratoconic""[tiab] OR ""ectasia""[tiab] OR ""ectatic""[tiab] OR ""keratectasia""[tiab] OR ""pellucid marginal""[tiab] OR ""keratitis""[tiab] OR ""riboflavin""[tiab] OR ""Keratoconus""[MeSH Terms]))) AND (""cornea""[tiab] OR ""corneal""[tiab] OR ""corneas""[tiab] OR ""keratoconus""[tiab] OR ""keratoconic""[tiab] OR ""ectasia""[tiab] OR ""ectatic""[tiab] OR ""keratectasia""[tiab] OR ""keratitis""[tiab] OR ""pellucid marginal""[tiab] OR ""Cornea""[MeSH Terms] OR ""Corneal Diseases""[MeSH Terms] OR ""Keratoconus""[MeSH Terms])) AND (""2001/01/01""[PDAT] : ""2025/12/31""[PDAT])"
Keratoconus,6050,166,2.74,"""Keratoconus""[MeSH Terms] AND (""2001/01/01""[PDAT] : ""2025/12/31""[PDAT])"
Corneal transplantation,10282,212,2.06,"""Corneal Transplantation""[MeSH Terms] AND (""2001/01/01""[PDAT] : ""2025/12/31""[PDAT])"
Glaucoma,38339,1767,4.61,"""Glaucoma""[MeSH Terms] AND (""2001/01/01""[PDAT] : ""2025/12/31""[PDAT])"
Dry eye,18181,930,5.12,"""Dry Eye Syndromes""[MeSH Terms] AND (""2001/01/01""[PDAT] : ""2025/12/31""[PDAT])"
LASIK,5660,293,5.18,"""Keratomileusis, Laser In Situ""[MeSH Terms] AND (""2001/01/01""[PDAT] : ""2025/12/31""[PDAT])"
Cataract extraction,22950,1998,8.71,"""Cataract Extraction""[MeSH Terms] AND (""2001/01/01""[PDAT] : ""2025/12/31""[PDAT])"
Age-related macular degeneration,29694,1769,5.96,"""Macular Degeneration""[MeSH Terms] AND (""2001/01/01""[PDAT] : ""2025/12/31""[PDAT])"
